COUNTRY,INDICATOR,FREQUENCY,TIME_PERIOD,OBS_VALUE,SCALE
"Taiwan Province of China","Unemployment rate",Annual,2020,3.85,Units
"Taiwan Province of China","Unemployment rate",Annual,2021,3.95,Units
"Taiwan Province of China","Unemployment rate",Annual,2022,3.67,Units
"Taiwan Province of China","Unemployment rate",Annual,2023,3.48,Units
"Taiwan Province of China","Unemployment rate",Annual,2024,3.39,Units
"Taiwan Province of China","Unemployment rate",Annual,2025,3.39,Units
"Taiwan Province of China","All Items, Consumer price index (CPI), Period average, percent change",Annual,2020,-0.24,Units
"Taiwan Province of China","All Items, Consumer price index (CPI), Period average, percent change",Annual,2021,1.97,Units
"Taiwan Province of China","All Items, Consumer price index (CPI), Period average, percent change",Annual,2022,2.95,Units
"Taiwan Province of China","All Items, Consumer price index (CPI), Period average, percent change",Annual,2023,2.49,Units
"Taiwan Province of China","All Items, Consumer price index (CPI), Period average, percent change",Annual,2024,2.18,Units
"Taiwan Province of China","All Items, Consumer price index (CPI), Period average, percent change",Annual,2025,1.73,Units
Vietnam,"All Items, Consumer price index (CPI), Period average, percent change",Annual,2020,3.22,Units
Vietnam,"All Items, Consumer price index (CPI), Period average, percent change",Annual,2021,1.84,Units
Vietnam,"All Items, Consumer price index (CPI), Period average, percent change",Annual,2022,3.16,Units
Vietnam,"All Items, Consumer price index (CPI), Period average, percent change",Annual,2023,3.25,Units
Vietnam,"All Items, Consumer price index (CPI), Period average, percent change",Annual,2024,3.62,Units
Vietnam,"All Items, Consumer price index (CPI), Period average, percent change",Annual,2025,3.40,Units
Malaysia,"Net lending (+) / net borrowing (-), General government, Percent of fiscal year GDP",Annual,2020,-4.90,Units
Malaysia,"Net lending (+) / net borrowing (-), General government, Percent of fiscal year GDP",Annual,2021,-6.03,Units
Malaysia,"Net lending (+) / net borrowing (-), General government, Percent of fiscal year GDP",Annual,2022,-4.56,Units
Malaysia,"Net lending (+) / net borrowing (-), General government, Percent of fiscal year GDP",Annual,2023,-3.97,Units
Malaysia,"Net lending (+) / net borrowing (-), General government, Percent of fiscal year GDP",Annual,2024,-3.95,Units
Malaysia,"Net lending (+) / net borrowing (-), General government, Percent of fiscal year GDP",Annual,2025,-3.61,Units
"Korea, Republic of","All Items, Consumer price index (CPI), Period average, percent change",Annual,2020,0.54,Units
"Korea, Republic of","All Items, Consumer price index (CPI), Period average, percent change",Annual,2021,2.50,Units
"Korea, Republic of","All Items, Consumer price index (CPI), Period average, percent change",Annual,2022,5.09,Units
"Korea, Republic of","All Items, Consumer price index (CPI), Period average, percent change",Annual,2023,3.60,Units
"Korea, Republic of","All Items, Consumer price index (CPI), Period average, percent change",Annual,2024,2.32,Units
"Korea, Republic of","All Items, Consumer price index (CPI), Period average, percent change",Annual,2025,1.99,Units
Mongolia,"All Items, Consumer price index (CPI), Period average, percent change",Annual,2020,3.74,Units
Mongolia,"All Items, Consumer price index (CPI), Period average, percent change",Annual,2021,7.37,Units
Mongolia,"All Items, Consumer price index (CPI), Period average, percent change",Annual,2022,15.14,Units
Mongolia,"All Items, Consumer price index (CPI), Period average, percent change",Annual,2023,10.35,Units
Mongolia,"All Items, Consumer price index (CPI), Period average, percent change",Annual,2024,6.21,Units
Mongolia,"All Items, Consumer price index (CPI), Period average, percent change",Annual,2025,8.27,Units
"Macao Special Administrative Region, People's Republic of China","Unemployment rate",Annual,2020,2.55,Units
"Macao Special Administrative Region, People's Republic of China","Unemployment rate",Annual,2021,2.95,Units
"Macao Special Administrative Region, People's Republic of China","Unemployment rate",Annual,2022,3.68,Units
"Macao Special Administrative Region, People's Republic of China","Unemployment rate",Annual,2023,2.65,Units
"Macao Special Administrative Region, People's Republic of China","Unemployment rate",Annual,2024,1.80,Units
"Macao Special Administrative Region, People's Republic of China","Unemployment rate",Annual,2025,1.70,Units
Cambodia,"Gross domestic product (GDP), Constant prices, Percent change, Domestic currency",Annual,2020,-3.56,Units
Cambodia,"Gross domestic product (GDP), Constant prices, Percent change, Domestic currency",Annual,2021,3.09,Units
Cambodia,"Gross domestic product (GDP), Constant prices, Percent change, Domestic currency",Annual,2022,5.13,Units
Cambodia,"Gross domestic product (GDP), Constant prices, Percent change, Domestic currency",Annual,2023,5.01,Units
Cambodia,"Gross domestic product (GDP), Constant prices, Percent change, Domestic currency",Annual,2024,6.02,Units
Cambodia,"Gross domestic product (GDP), Constant prices, Percent change, Domestic currency",Annual,2025,4.77,Units
Philippines,"Net lending (+) / net borrowing (-), General government, Percent of fiscal year GDP",Annual,2020,-5.55,Units
Philippines,"Net lending (+) / net borrowing (-), General government, Percent of fiscal year GDP",Annual,2021,-6.23,Units
Philippines,"Net lending (+) / net borrowing (-), General government, Percent of fiscal year GDP",Annual,2022,-5.48,Units
Philippines,"Net lending (+) / net borrowing (-), General government, Percent of fiscal year GDP",Annual,2023,-4.38,Units
Philippines,"Net lending (+) / net borrowing (-), General government, Percent of fiscal year GDP",Annual,2024,-3.78,Units
Philippines,"Net lending (+) / net borrowing (-), General government, Percent of fiscal year GDP",Annual,2025,-3.57,Units
"Korea, Republic of","Gross domestic product (GDP), Constant prices, Percent change, Domestic currency",Annual,2020,-0.70,Units
"Korea, Republic of","Gross domestic product (GDP), Constant prices, Percent change, Domestic currency",Annual,2021,4.61,Units
"Korea, Republic of","Gross domestic product (GDP), Constant prices, Percent change, Domestic currency",Annual,2022,2.73,Units
"Korea, Republic of","Gross domestic product (GDP), Constant prices, Percent change, Domestic currency",Annual,2023,1.58,Units
"Korea, Republic of","Gross domestic product (GDP), Constant prices, Percent change, Domestic currency",Annual,2024,2.00,Units
"Korea, Republic of","Gross domestic product (GDP), Constant prices, Percent change, Domestic currency",Annual,2025,0.90,Units
Vanuatu,"Net lending (+) / net borrowing (-), General government, Percent of fiscal year GDP",Annual,2020,-1.95,Units
Vanuatu,"Net lending (+) / net borrowing (-), General government, Percent of fiscal year GDP",Annual,2021,2.38,Units
Vanuatu,"Net lending (+) / net borrowing (-), General government, Percent of fiscal year GDP",Annual,2022,-6.50,Units
Vanuatu,"Net lending (+) / net borrowing (-), General government, Percent of fiscal year GDP",Annual,2023,-0.95,Units
Vanuatu,"Net lending (+) / net borrowing (-), General government, Percent of fiscal year GDP",Annual,2024,-2.34,Units
Vanuatu,"Net lending (+) / net borrowing (-), General government, Percent of fiscal year GDP",Annual,2025,-4.98,Units
"Brunei Darussalam","Gross domestic product (GDP), Constant prices, Percent change, Domestic currency",Annual,2020,1.13,Units
"Brunei Darussalam","Gross domestic product (GDP), Constant prices, Percent change, Domestic currency",Annual,2021,-1.59,Units
"Brunei Darussalam","Gross domestic product (GDP), Constant prices, Percent change, Domestic currency",Annual,2022,-1.63,Units
"Brunei Darussalam","Gross domestic product (GDP), Constant prices, Percent change, Domestic currency",Annual,2023,1.13,Units
"Brunei Darussalam","Gross domestic product (GDP), Constant prices, Percent change, Domestic currency",Annual,2024,4.05,Units
"Brunei Darussalam","Gross domestic product (GDP), Constant prices, Percent change, Domestic currency",Annual,2025,1.80,Units
Tuvalu,"Net lending (+) / net borrowing (-), General government, Percent of fiscal year GDP",Annual,2020,13.69,Units
Tuvalu,"Net lending (+) / net borrowing (-), General government, Percent of fiscal year GDP",Annual,2021,-13.28,Units
Tuvalu,"Net lending (+) / net borrowing (-), General government, Percent of fiscal year GDP",Annual,2022,-14.60,Units
Tuvalu,"Net lending (+) / net borrowing (-), General government, Percent of fiscal year GDP",Annual,2023,15.34,Units
Tuvalu,"Net lending (+) / net borrowing (-), General government, Percent of fiscal year GDP",Annual,2024,-8.23,Units
Tuvalu,"Net lending (+) / net borrowing (-), General government, Percent of fiscal year GDP",Annual,2025,0.65,Units
Kiribati,"All Items, Consumer price index (CPI), Period average, percent change",Annual,2020,2.55,Units
Kiribati,"All Items, Consumer price index (CPI), Period average, percent change",Annual,2021,2.05,Units
Kiribati,"All Items, Consumer price index (CPI), Period average, percent change",Annual,2022,5.35,Units
Kiribati,"All Items, Consumer price index (CPI), Period average, percent change",Annual,2023,9.25,Units
Kiribati,"All Items, Consumer price index (CPI), Period average, percent change",Annual,2024,2.49,Units
Kiribati,"All Items, Consumer price index (CPI), Period average, percent change",Annual,2025,7.79,Units
Maldives,"Net lending (+) / net borrowing (-), General government, Percent of fiscal year GDP",Annual,2020,-23.70,Units
Maldives,"Net lending (+) / net borrowing (-), General government, Percent of fiscal year GDP",Annual,2021,-14.18,Units
Maldives,"Net lending (+) / net borrowing (-), General government, Percent of fiscal year GDP",Annual,2022,-11.16,Units
Maldives,"Net lending (+) / net borrowing (-), General government, Percent of fiscal year GDP",Annual,2023,-13.17,Units
Maldives,"Net lending (+) / net borrowing (-), General government, Percent of fiscal year GDP",Annual,2024,-13.90,Units
Maldives,"Net lending (+) / net borrowing (-), General government, Percent of fiscal year GDP",Annual,2025,-9.39,Units
Singapore,"Gross domestic product (GDP), Constant prices, Percent change, Domestic currency",Annual,2020,-3.81,Units
Singapore,"Gross domestic product (GDP), Constant prices, Percent change, Domestic currency",Annual,2021,9.76,Units
Singapore,"Gross domestic product (GDP), Constant prices, Percent change, Domestic currency",Annual,2022,4.11,Units
Singapore,"Gross domestic product (GDP), Constant prices, Percent change, Domestic currency",Annual,2023,1.82,Units
Singapore,"Gross domestic product (GDP), Constant prices, Percent change, Domestic currency",Annual,2024,4.39,Units
Singapore,"Gross domestic product (GDP), Constant prices, Percent change, Domestic currency",Annual,2025,2.23,Units
Nepal,"Current account balance (credit less debit), Percent of GDP in US dollars",Annual,2020,-1.01,Units
Nepal,"Current account balance (credit less debit), Percent of GDP in US dollars",Annual,2021,-7.70,Units
Nepal,"Current account balance (credit less debit), Percent of GDP in US dollars",Annual,2022,-12.56,Units
Nepal,"Current account balance (credit less debit), Percent of GDP in US dollars",Annual,2023,-0.88,Units
Nepal,"Current account balance (credit less debit), Percent of GDP in US dollars",Annual,2024,3.87,Units
Nepal,"Current account balance (credit less debit), Percent of GDP in US dollars",Annual,2025,6.60,Units
"Palau, Republic of","Gross domestic product (GDP), Constant prices, Percent change, Domestic currency",Annual,2020,-6.01,Units
"Palau, Republic of","Gross domestic product (GDP), Constant prices, Percent change, Domestic currency",Annual,2021,-11.91,Units
"Palau, Republic of","Gross domestic product (GDP), Constant prices, Percent change, Domestic currency",Annual,2022,-0.46,Units
"Palau, Republic of","Gross domestic product (GDP), Constant prices, Percent change, Domestic currency",Annual,2023,1.22,Units
"Palau, Republic of","Gross domestic product (GDP), Constant prices, Percent change, Domestic currency",Annual,2024,12.01,Units
"Palau, Republic of","Gross domestic product (GDP), Constant prices, Percent change, Domestic currency",Annual,2025,4.49,Units
"Korea, Republic of","Net lending (+) / net borrowing (-), General government, Percent of fiscal year GDP",Annual,2020,-2.11,Units
"Korea, Republic of","Net lending (+) / net borrowing (-), General government, Percent of fiscal year GDP",Annual,2021,-0.02,Units
"Korea, Republic of","Net lending (+) / net borrowing (-), General government, Percent of fiscal year GDP",Annual,2022,-1.49,Units
"Korea, Republic of","Net lending (+) / net borrowing (-), General government, Percent of fiscal year GDP",Annual,2023,-0.67,Units
"Korea, Republic of","Net lending (+) / net borrowing (-), General government, Percent of fiscal year GDP",Annual,2024,-0.78,Units
"Korea, Republic of","Net lending (+) / net borrowing (-), General government, Percent of fiscal year GDP",Annual,2025,-1.52,Units
"Solomon Islands","All Items, Consumer price index (CPI), Period average, percent change",Annual,2020,2.93,Units
"Solomon Islands","All Items, Consumer price index (CPI), Period average, percent change",Annual,2021,0.18,Units
"Solomon Islands","All Items, Consumer price index (CPI), Period average, percent change",Annual,2022,5.40,Units
"Solomon Islands","All Items, Consumer price index (CPI), Period average, percent change",Annual,2023,5.09,Units
"Solomon Islands","All Items, Consumer price index (CPI), Period average, percent change",Annual,2024,4.23,Units
"Solomon Islands","All Items, Consumer price index (CPI), Period average, percent change",Annual,2025,3.44,Units
Vietnam,"Unemployment rate",Annual,2020,2.48,Units
Vietnam,"Unemployment rate",Annual,2021,3.20,Units
Vietnam,"Unemployment rate",Annual,2022,2.32,Units
Vietnam,"Unemployment rate",Annual,2023,2.30,Units
Vietnam,"Unemployment rate",Annual,2024,2.20,Units
Vietnam,"Unemployment rate",Annual,2025,2.25,Units
Australia,"Net lending (+) / net borrowing (-), General government, Percent of fiscal year GDP",Annual,2020,-8.73,Units
Australia,"Net lending (+) / net borrowing (-), General government, Percent of fiscal year GDP",Annual,2021,-6.37,Units
Australia,"Net lending (+) / net borrowing (-), General government, Percent of fiscal year GDP",Annual,2022,-2.21,Units
Australia,"Net lending (+) / net borrowing (-), General government, Percent of fiscal year GDP",Annual,2023,-1.27,Units
Australia,"Net lending (+) / net borrowing (-), General government, Percent of fiscal year GDP",Annual,2024,-2.25,Units
Australia,"Net lending (+) / net borrowing (-), General government, Percent of fiscal year GDP",Annual,2025,-2.73,Units
Philippines,"Gross domestic product (GDP), Constant prices, Percent change, Domestic currency",Annual,2020,-9.52,Units
Philippines,"Gross domestic product (GDP), Constant prices, Percent change, Domestic currency",Annual,2021,5.71,Units
Philippines,"Gross domestic product (GDP), Constant prices, Percent change, Domestic currency",Annual,2022,7.58,Units
Philippines,"Gross domestic product (GDP), Constant prices, Percent change, Domestic currency",Annual,2023,5.52,Units
Philippines,"Gross domestic product (GDP), Constant prices, Percent change, Domestic currency",Annual,2024,5.69,Units
Philippines,"Gross domestic product (GDP), Constant prices, Percent change, Domestic currency",Annual,2025,5.44,Units
Indonesia,"Net lending (+) / net borrowing (-), General government, Percent of fiscal year GDP",Annual,2020,-6.07,Units
Indonesia,"Net lending (+) / net borrowing (-), General government, Percent of fiscal year GDP",Annual,2021,-4.40,Units
Indonesia,"Net lending (+) / net borrowing (-), General government, Percent of fiscal year GDP",Annual,2022,-2.31,Units
Indonesia,"Net lending (+) / net borrowing (-), General government, Percent of fiscal year GDP",Annual,2023,-1.64,Units
Indonesia,"Net lending (+) / net borrowing (-), General government, Percent of fiscal year GDP",Annual,2024,-2.30,Units
Indonesia,"Net lending (+) / net borrowing (-), General government, Percent of fiscal year GDP",Annual,2025,-2.79,Units
"Papua New Guinea","All Items, Consumer price index (CPI), Period average, percent change",Annual,2020,4.87,Units
"Papua New Guinea","All Items, Consumer price index (CPI), Period average, percent change",Annual,2021,4.48,Units
"Papua New Guinea","All Items, Consumer price index (CPI), Period average, percent change",Annual,2022,5.25,Units
"Papua New Guinea","All Items, Consumer price index (CPI), Period average, percent change",Annual,2023,2.30,Units
"Papua New Guinea","All Items, Consumer price index (CPI), Period average, percent change",Annual,2024,0.59,Units
"Papua New Guinea","All Items, Consumer price index (CPI), Period average, percent change",Annual,2025,4.79,Units
"Hong Kong Special Administrative Region, People's Republic of China","Net lending (+) / net borrowing (-), General government, Percent of fiscal year GDP",Annual,2020,-9.23,Units
"Hong Kong Special Administrative Region, People's Republic of China","Net lending (+) / net borrowing (-), General government, Percent of fiscal year GDP",Annual,2021,0.01,Units
"Hong Kong Special Administrative Region, People's Republic of China","Net lending (+) / net borrowing (-), General government, Percent of fiscal year GDP",Annual,2022,-6.57,Units
"Hong Kong Special Administrative Region, People's Republic of China","Net lending (+) / net borrowing (-), General government, Percent of fiscal year GDP",Annual,2023,-5.65,Units
"Hong Kong Special Administrative Region, People's Republic of China","Net lending (+) / net borrowing (-), General government, Percent of fiscal year GDP",Annual,2024,-5.82,Units
"Hong Kong Special Administrative Region, People's Republic of China","Net lending (+) / net borrowing (-), General government, Percent of fiscal year GDP",Annual,2025,-4.82,Units
"Micronesia, Federated States of","Current account balance (credit less debit), Percent of GDP in US dollars",Annual,2020,-5.80,Units
"Micronesia, Federated States of","Current account balance (credit less debit), Percent of GDP in US dollars",Annual,2021,2.26,Units
"Micronesia, Federated States of","Current account balance (credit less debit), Percent of GDP in US dollars",Annual,2022,8.92,Units
"Micronesia, Federated States of","Current account balance (credit less debit), Percent of GDP in US dollars",Annual,2023,3.87,Units
"Micronesia, Federated States of","Current account balance (credit less debit), Percent of GDP in US dollars",Annual,2024,1.08,Units
"Micronesia, Federated States of","Current account balance (credit less debit), Percent of GDP in US dollars",Annual,2025,-0.89,Units
Malaysia,"Current account balance (credit less debit), Percent of GDP in US dollars",Annual,2020,4.17,Units
Malaysia,"Current account balance (credit less debit), Percent of GDP in US dollars",Annual,2021,3.89,Units
Malaysia,"Current account balance (credit less debit), Percent of GDP in US dollars",Annual,2022,3.19,Units
Malaysia,"Current account balance (credit less debit), Percent of GDP in US dollars",Annual,2023,1.10,Units
Malaysia,"Current account balance (credit less debit), Percent of GDP in US dollars",Annual,2024,1.43,Units
Malaysia,"Current account balance (credit less debit), Percent of GDP in US dollars",Annual,2025,1.52,Units
"Brunei Darussalam","Current account balance (credit less debit), Percent of GDP in US dollars",Annual,2020,4.28,Units
"Brunei Darussalam","Current account balance (credit less debit), Percent of GDP in US dollars",Annual,2021,11.14,Units
"Brunei Darussalam","Current account balance (credit less debit), Percent of GDP in US dollars",Annual,2022,19.52,Units
"Brunei Darussalam","Current account balance (credit less debit), Percent of GDP in US dollars",Annual,2023,12.88,Units
"Brunei Darussalam","Current account balance (credit less debit), Percent of GDP in US dollars",Annual,2024,14.42,Units
"Brunei Darussalam","Current account balance (credit less debit), Percent of GDP in US dollars",Annual,2025,16.43,Units
"Fiji, Republic of","Net lending (+) / net borrowing (-), General government, Percent of fiscal year GDP",Annual,2020,-8.34,Units
"Fiji, Republic of","Net lending (+) / net borrowing (-), General government, Percent of fiscal year GDP",Annual,2021,-14.22,Units
"Fiji, Republic of","Net lending (+) / net borrowing (-), General government, Percent of fiscal year GDP",Annual,2022,-12.27,Units
"Fiji, Republic of","Net lending (+) / net borrowing (-), General government, Percent of fiscal year GDP",Annual,2023,-7.15,Units
"Fiji, Republic of","Net lending (+) / net borrowing (-), General government, Percent of fiscal year GDP",Annual,2024,-3.50,Units
"Fiji, Republic of","Net lending (+) / net borrowing (-), General government, Percent of fiscal year GDP",Annual,2025,-3.70,Units
Samoa,"All Items, Consumer price index (CPI), Period average, percent change",Annual,2020,1.48,Units
Samoa,"All Items, Consumer price index (CPI), Period average, percent change",Annual,2021,-3.01,Units
Samoa,"All Items, Consumer price index (CPI), Period average, percent change",Annual,2022,8.75,Units
Samoa,"All Items, Consumer price index (CPI), Period average, percent change",Annual,2023,11.98,Units
Samoa,"All Items, Consumer price index (CPI), Period average, percent change",Annual,2024,3.59,Units
Samoa,"All Items, Consumer price index (CPI), Period average, percent change",Annual,2025,1.83,Units
Bangladesh,"All Items, Consumer price index (CPI), Period average, percent change",Annual,2020,5.65,Units
Bangladesh,"All Items, Consumer price index (CPI), Period average, percent change",Annual,2021,5.56,Units
Bangladesh,"All Items, Consumer price index (CPI), Period average, percent change",Annual,2022,6.15,Units
Bangladesh,"All Items, Consumer price index (CPI), Period average, percent change",Annual,2023,9.02,Units
Bangladesh,"All Items, Consumer price index (CPI), Period average, percent change",Annual,2024,9.73,Units
Bangladesh,"All Items, Consumer price index (CPI), Period average, percent change",Annual,2025,10.03,Units
Vanuatu,"Gross domestic product (GDP), Constant prices, Percent change, Domestic currency",Annual,2020,-4.99,Units
Vanuatu,"Gross domestic product (GDP), Constant prices, Percent change, Domestic currency",Annual,2021,-1.55,Units
Vanuatu,"Gross domestic product (GDP), Constant prices, Percent change, Domestic currency",Annual,2022,5.19,Units
Vanuatu,"Gross domestic product (GDP), Constant prices, Percent change, Domestic currency",Annual,2023,2.09,Units
Vanuatu,"Gross domestic product (GDP), Constant prices, Percent change, Domestic currency",Annual,2024,0.94,Units
Vanuatu,"Gross domestic product (GDP), Constant prices, Percent change, Domestic currency",Annual,2025,1.67,Units
Singapore,"All Items, Consumer price index (CPI), Period average, percent change",Annual,2020,-0.17,Units
Singapore,"All Items, Consumer price index (CPI), Period average, percent change",Annual,2021,2.32,Units
Singapore,"All Items, Consumer price index (CPI), Period average, percent change",Annual,2022,6.13,Units
Singapore,"All Items, Consumer price index (CPI), Period average, percent change",Annual,2023,4.83,Units
Singapore,"All Items, Consumer price index (CPI), Period average, percent change",Annual,2024,2.39,Units
Singapore,"All Items, Consumer price index (CPI), Period average, percent change",Annual,2025,0.93,Units
Maldives,"Current account balance (credit less debit), Percent of GDP in US dollars",Annual,2020,-35.07,Units
Maldives,"Current account balance (credit less debit), Percent of GDP in US dollars",Annual,2021,-8.65,Units
Maldives,"Current account balance (credit less debit), Percent of GDP in US dollars",Annual,2022,-16.26,Units
Maldives,"Current account balance (credit less debit), Percent of GDP in US dollars",Annual,2023,-21.17,Units
Maldives,"Current account balance (credit less debit), Percent of GDP in US dollars",Annual,2024,-17.82,Units
Maldives,"Current account balance (credit less debit), Percent of GDP in US dollars",Annual,2025,-12.48,Units
"China, People's Republic of","Net lending (+) / net borrowing (-), General government, Percent of fiscal year GDP",Annual,2020,-9.56,Units
"China, People's Republic of","Net lending (+) / net borrowing (-), General government, Percent of fiscal year GDP",Annual,2021,-5.90,Units
"China, People's Republic of","Net lending (+) / net borrowing (-), General government, Percent of fiscal year GDP",Annual,2022,-7.32,Units
"China, People's Republic of","Net lending (+) / net borrowing (-), General government, Percent of fiscal year GDP",Annual,2023,-6.71,Units
"China, People's Republic of","Net lending (+) / net borrowing (-), General government, Percent of fiscal year GDP",Annual,2024,-7.34,Units
"China, People's Republic of","Net lending (+) / net borrowing (-), General government, Percent of fiscal year GDP",Annual,2025,-8.57,Units
Thailand,"Current account balance (credit less debit), Percent of GDP in US dollars",Annual,2020,4.18,Units
Thailand,"Current account balance (credit less debit), Percent of GDP in US dollars",Annual,2021,-2.12,Units
Thailand,"Current account balance (credit less debit), Percent of GDP in US dollars",Annual,2022,-3.46,Units
Thailand,"Current account balance (credit less debit), Percent of GDP in US dollars",Annual,2023,1.40,Units
Thailand,"Current account balance (credit less debit), Percent of GDP in US dollars",Annual,2024,2.54,Units
Thailand,"Current account balance (credit less debit), Percent of GDP in US dollars",Annual,2025,1.66,Units
"Fiji, Republic of","Current account balance (credit less debit), Percent of GDP in US dollars",Annual,2020,-11.97,Units
"Fiji, Republic of","Current account balance (credit less debit), Percent of GDP in US dollars",Annual,2021,-6.49,Units
"Fiji, Republic of","Current account balance (credit less debit), Percent of GDP in US dollars",Annual,2022,-15.35,Units
"Fiji, Republic of","Current account balance (credit less debit), Percent of GDP in US dollars",Annual,2023,-6.62,Units
"Fiji, Republic of","Current account balance (credit less debit), Percent of GDP in US dollars",Annual,2024,-7.81,Units
"Fiji, Republic of","Current account balance (credit less debit), Percent of GDP in US dollars",Annual,2025,-7.50,Units
"Papua New Guinea","Net lending (+) / net borrowing (-), General government, Percent of fiscal year GDP",Annual,2020,-8.85,Units
"Papua New Guinea","Net lending (+) / net borrowing (-), General government, Percent of fiscal year GDP",Annual,2021,-6.84,Units
"Papua New Guinea","Net lending (+) / net borrowing (-), General government, Percent of fiscal year GDP",Annual,2022,-5.25,Units
"Papua New Guinea","Net lending (+) / net borrowing (-), General government, Percent of fiscal year GDP",Annual,2023,-4.34,Units
"Papua New Guinea","Net lending (+) / net borrowing (-), General government, Percent of fiscal year GDP",Annual,2024,-3.23,Units
"Papua New Guinea","Net lending (+) / net borrowing (-), General government, Percent of fiscal year GDP",Annual,2025,-2.61,Units
Bhutan,"All Items, Consumer price index (CPI), Period average, percent change",Annual,2020,3.04,Units
Bhutan,"All Items, Consumer price index (CPI), Period average, percent change",Annual,2021,8.22,Units
Bhutan,"All Items, Consumer price index (CPI), Period average, percent change",Annual,2022,5.95,Units
Bhutan,"All Items, Consumer price index (CPI), Period average, percent change",Annual,2023,4.54,Units
Bhutan,"All Items, Consumer price index (CPI), Period average, percent change",Annual,2024,4.26,Units
Bhutan,"All Items, Consumer price index (CPI), Period average, percent change",Annual,2025,2.42,Units
"Taiwan Province of China","Net lending (+) / net borrowing (-), General government, Percent of fiscal year GDP",Annual,2020,-2.91,Units
"Taiwan Province of China","Net lending (+) / net borrowing (-), General government, Percent of fiscal year GDP",Annual,2021,-2.06,Units
"Taiwan Province of China","Net lending (+) / net borrowing (-), General government, Percent of fiscal year GDP",Annual,2022,-1.71,Units
"Taiwan Province of China","Net lending (+) / net borrowing (-), General government, Percent of fiscal year GDP",Annual,2023,-2.50,Units
"Taiwan Province of China","Net lending (+) / net borrowing (-), General government, Percent of fiscal year GDP",Annual,2024,-1.45,Units
"Taiwan Province of China","Net lending (+) / net borrowing (-), General government, Percent of fiscal year GDP",Annual,2025,-0.32,Units
Singapore,"Net lending (+) / net borrowing (-), General government, Percent of fiscal year GDP",Annual,2020,-6.73,Units
Singapore,"Net lending (+) / net borrowing (-), General government, Percent of fiscal year GDP",Annual,2021,1.13,Units
Singapore,"Net lending (+) / net borrowing (-), General government, Percent of fiscal year GDP",Annual,2022,1.21,Units
Singapore,"Net lending (+) / net borrowing (-), General government, Percent of fiscal year GDP",Annual,2023,3.47,Units
Singapore,"Net lending (+) / net borrowing (-), General government, Percent of fiscal year GDP",Annual,2024,4.44,Units
Singapore,"Net lending (+) / net borrowing (-), General government, Percent of fiscal year GDP",Annual,2025,3.11,Units
"Sri Lanka","Unemployment rate",Annual,2020,5.50,Units
"Sri Lanka","Unemployment rate",Annual,2021,5.10,Units
"Sri Lanka","Unemployment rate",Annual,2022,5.25,Units
"Sri Lanka","Unemployment rate",Annual,2023,5.00,Units
"Sri Lanka","Unemployment rate",Annual,2024,4.75,Units
Samoa,"Current account balance (credit less debit), Percent of GDP in US dollars",Annual,2020,0.95,Units
Samoa,"Current account balance (credit less debit), Percent of GDP in US dollars",Annual,2021,-14.55,Units
Samoa,"Current account balance (credit less debit), Percent of GDP in US dollars",Annual,2022,-10.58,Units
Samoa,"Current account balance (credit less debit), Percent of GDP in US dollars",Annual,2023,-2.97,Units
Samoa,"Current account balance (credit less debit), Percent of GDP in US dollars",Annual,2024,4.38,Units
Samoa,"Current account balance (credit less debit), Percent of GDP in US dollars",Annual,2025,4.50,Units
Vanuatu,"Current account balance (credit less debit), Percent of GDP in US dollars",Annual,2020,-6.36,Units
Vanuatu,"Current account balance (credit less debit), Percent of GDP in US dollars",Annual,2021,-11.70,Units
Vanuatu,"Current account balance (credit less debit), Percent of GDP in US dollars",Annual,2022,-17.60,Units
Vanuatu,"Current account balance (credit less debit), Percent of GDP in US dollars",Annual,2023,-6.64,Units
Vanuatu,"Current account balance (credit less debit), Percent of GDP in US dollars",Annual,2024,-15.43,Units
Vanuatu,"Current account balance (credit less debit), Percent of GDP in US dollars",Annual,2025,-11.61,Units
"Fiji, Republic of","Gross domestic product (GDP), Constant prices, Percent change, Domestic currency",Annual,2020,-17.16,Units
"Fiji, Republic of","Gross domestic product (GDP), Constant prices, Percent change, Domestic currency",Annual,2021,-4.36,Units
"Fiji, Republic of","Gross domestic product (GDP), Constant prices, Percent change, Domestic currency",Annual,2022,17.74,Units
"Fiji, Republic of","Gross domestic product (GDP), Constant prices, Percent change, Domestic currency",Annual,2023,9.45,Units
"Fiji, Republic of","Gross domestic product (GDP), Constant prices, Percent change, Domestic currency",Annual,2024,3.54,Units
"Fiji, Republic of","Gross domestic product (GDP), Constant prices, Percent change, Domestic currency",Annual,2025,3.19,Units
"Papua New Guinea","Gross domestic product (GDP), Constant prices, Percent change, Domestic currency",Annual,2020,-3.17,Units
"Papua New Guinea","Gross domestic product (GDP), Constant prices, Percent change, Domestic currency",Annual,2021,-0.51,Units
"Papua New Guinea","Gross domestic product (GDP), Constant prices, Percent change, Domestic currency",Annual,2022,5.71,Units
"Papua New Guinea","Gross domestic product (GDP), Constant prices, Percent change, Domestic currency",Annual,2023,3.81,Units
"Papua New Guinea","Gross domestic product (GDP), Constant prices, Percent change, Domestic currency",Annual,2024,3.77,Units
"Papua New Guinea","Gross domestic product (GDP), Constant prices, Percent change, Domestic currency",Annual,2025,4.74,Units
Malaysia,"Unemployment rate",Annual,2020,4.53,Units
Malaysia,"Unemployment rate",Annual,2021,4.60,Units
Malaysia,"Unemployment rate",Annual,2022,3.90,Units
Malaysia,"Unemployment rate",Annual,2023,3.20,Units
Malaysia,"Unemployment rate",Annual,2024,3.20,Units
Malaysia,"Unemployment rate",Annual,2025,3.00,Units
"Sri Lanka","Gross domestic product (GDP), Constant prices, Percent change, Domestic currency",Annual,2020,-4.62,Units
"Sri Lanka","Gross domestic product (GDP), Constant prices, Percent change, Domestic currency",Annual,2021,4.21,Units
"Sri Lanka","Gross domestic product (GDP), Constant prices, Percent change, Domestic currency",Annual,2022,-7.35,Units
"Sri Lanka","Gross domestic product (GDP), Constant prices, Percent change, Domestic currency",Annual,2023,-2.33,Units
"Sri Lanka","Gross domestic product (GDP), Constant prices, Percent change, Domestic currency",Annual,2024,5.01,Units
"Macao Special Administrative Region, People's Republic of China","Net lending (+) / net borrowing (-), General government, Percent of fiscal year GDP",Annual,2020,-21.41,Units
"Macao Special Administrative Region, People's Republic of China","Net lending (+) / net borrowing (-), General government, Percent of fiscal year GDP",Annual,2021,-12.89,Units
"Macao Special Administrative Region, People's Republic of China","Net lending (+) / net borrowing (-), General government, Percent of fiscal year GDP",Annual,2022,-37.04,Units
"Macao Special Administrative Region, People's Republic of China","Net lending (+) / net borrowing (-), General government, Percent of fiscal year GDP",Annual,2023,1.07,Units
"Macao Special Administrative Region, People's Republic of China","Net lending (+) / net borrowing (-), General government, Percent of fiscal year GDP",Annual,2024,6.91,Units
"Macao Special Administrative Region, People's Republic of China","Net lending (+) / net borrowing (-), General government, Percent of fiscal year GDP",Annual,2025,4.13,Units
"New Zealand","Net lending (+) / net borrowing (-), General government, Percent of fiscal year GDP",Annual,2020,-4.35,Units
"New Zealand","Net lending (+) / net borrowing (-), General government, Percent of fiscal year GDP",Annual,2021,-3.50,Units
"New Zealand","Net lending (+) / net borrowing (-), General government, Percent of fiscal year GDP",Annual,2022,-4.16,Units
"New Zealand","Net lending (+) / net borrowing (-), General government, Percent of fiscal year GDP",Annual,2023,-3.54,Units
"New Zealand","Net lending (+) / net borrowing (-), General government, Percent of fiscal year GDP",Annual,2024,-3.61,Units
"New Zealand","Net lending (+) / net borrowing (-), General government, Percent of fiscal year GDP",Annual,2025,-4.06,Units
Mongolia,"Unemployment rate",Annual,2020,6.70,Units
Mongolia,"Unemployment rate",Annual,2021,8.30,Units
Mongolia,"Unemployment rate",Annual,2022,6.40,Units
Mongolia,"Unemployment rate",Annual,2023,5.30,Units
Mongolia,"Unemployment rate",Annual,2024,5.00,Units
Mongolia,"Unemployment rate",Annual,2025,5.00,Units
Bangladesh,"Net lending (+) / net borrowing (-), General government, Percent of fiscal year GDP",Annual,2020,-4.84,Units
Bangladesh,"Net lending (+) / net borrowing (-), General government, Percent of fiscal year GDP",Annual,2021,-3.56,Units
Bangladesh,"Net lending (+) / net borrowing (-), General government, Percent of fiscal year GDP",Annual,2022,-4.53,Units
Bangladesh,"Net lending (+) / net borrowing (-), General government, Percent of fiscal year GDP",Annual,2023,-4.39,Units
Bangladesh,"Net lending (+) / net borrowing (-), General government, Percent of fiscal year GDP",Annual,2024,-3.69,Units
Bangladesh,"Net lending (+) / net borrowing (-), General government, Percent of fiscal year GDP",Annual,2025,-3.79,Units
"New Zealand","Current account balance (credit less debit), Percent of GDP in US dollars",Annual,2020,-1.07,Units
"New Zealand","Current account balance (credit less debit), Percent of GDP in US dollars",Annual,2021,-6.03,Units
"New Zealand","Current account balance (credit less debit), Percent of GDP in US dollars",Annual,2022,-9.24,Units
"New Zealand","Current account balance (credit less debit), Percent of GDP in US dollars",Annual,2023,-6.93,Units
"New Zealand","Current account balance (credit less debit), Percent of GDP in US dollars",Annual,2024,-6.13,Units
"New Zealand","Current account balance (credit less debit), Percent of GDP in US dollars",Annual,2025,-4.71,Units
Indonesia,"Current account balance (credit less debit), Percent of GDP in US dollars",Annual,2020,-0.42,Units
Indonesia,"Current account balance (credit less debit), Percent of GDP in US dollars",Annual,2021,0.30,Units
Indonesia,"Current account balance (credit less debit), Percent of GDP in US dollars",Annual,2022,1.00,Units
Indonesia,"Current account balance (credit less debit), Percent of GDP in US dollars",Annual,2023,-0.15,Units
Indonesia,"Current account balance (credit less debit), Percent of GDP in US dollars",Annual,2024,-0.62,Units
Indonesia,"Current account balance (credit less debit), Percent of GDP in US dollars",Annual,2025,-1.05,Units
Philippines,"All Items, Consumer price index (CPI), Period average, percent change",Annual,2020,2.39,Units
Philippines,"All Items, Consumer price index (CPI), Period average, percent change",Annual,2021,3.93,Units
Philippines,"All Items, Consumer price index (CPI), Period average, percent change",Annual,2022,5.82,Units
Philippines,"All Items, Consumer price index (CPI), Period average, percent change",Annual,2023,5.98,Units
Philippines,"All Items, Consumer price index (CPI), Period average, percent change",Annual,2024,3.21,Units
Philippines,"All Items, Consumer price index (CPI), Period average, percent change",Annual,2025,1.61,Units
Vietnam,"Gross domestic product (GDP), Constant prices, Percent change, Domestic currency",Annual,2020,2.87,Units
Vietnam,"Gross domestic product (GDP), Constant prices, Percent change, Domestic currency",Annual,2021,2.55,Units
Vietnam,"Gross domestic product (GDP), Constant prices, Percent change, Domestic currency",Annual,2022,8.54,Units
Vietnam,"Gross domestic product (GDP), Constant prices, Percent change, Domestic currency",Annual,2023,5.07,Units
Vietnam,"Gross domestic product (GDP), Constant prices, Percent change, Domestic currency",Annual,2024,7.09,Units
Vietnam,"Gross domestic product (GDP), Constant prices, Percent change, Domestic currency",Annual,2025,6.46,Units
Cambodia,"Current account balance (credit less debit), Percent of GDP in US dollars",Annual,2020,-0.97,Units
Cambodia,"Current account balance (credit less debit), Percent of GDP in US dollars",Annual,2021,-29.58,Units
Cambodia,"Current account balance (credit less debit), Percent of GDP in US dollars",Annual,2022,-19.37,Units
Cambodia,"Current account balance (credit less debit), Percent of GDP in US dollars",Annual,2023,1.31,Units
Cambodia,"Current account balance (credit less debit), Percent of GDP in US dollars",Annual,2024,0.49,Units
Cambodia,"Current account balance (credit less debit), Percent of GDP in US dollars",Annual,2025,-2.48,Units
"Solomon Islands","Current account balance (credit less debit), Percent of GDP in US dollars",Annual,2020,-1.65,Units
"Solomon Islands","Current account balance (credit less debit), Percent of GDP in US dollars",Annual,2021,-5.09,Units
"Solomon Islands","Current account balance (credit less debit), Percent of GDP in US dollars",Annual,2022,-13.70,Units
"Solomon Islands","Current account balance (credit less debit), Percent of GDP in US dollars",Annual,2023,-10.36,Units
"Solomon Islands","Current account balance (credit less debit), Percent of GDP in US dollars",Annual,2024,-3.71,Units
"Solomon Islands","Current account balance (credit less debit), Percent of GDP in US dollars",Annual,2025,-4.64,Units
"Lao People's Democratic Republic","Net lending (+) / net borrowing (-), General government, Percent of fiscal year GDP",Annual,2020,-5.37,Units
"Lao People's Democratic Republic","Net lending (+) / net borrowing (-), General government, Percent of fiscal year GDP",Annual,2021,-0.67,Units
"Lao People's Democratic Republic","Net lending (+) / net borrowing (-), General government, Percent of fiscal year GDP",Annual,2022,0.06,Units
"Lao People's Democratic Republic","Net lending (+) / net borrowing (-), General government, Percent of fiscal year GDP",Annual,2023,-0.01,Units
"Lao People's Democratic Republic","Net lending (+) / net borrowing (-), General government, Percent of fiscal year GDP",Annual,2024,2.34,Units
"Lao People's Democratic Republic","Net lending (+) / net borrowing (-), General government, Percent of fiscal year GDP",Annual,2025,0.44,Units
"Brunei Darussalam","Net lending (+) / net borrowing (-), General government, Percent of fiscal year GDP",Annual,2020,-15.77,Units
"Brunei Darussalam","Net lending (+) / net borrowing (-), General government, Percent of fiscal year GDP",Annual,2021,-8.16,Units
"Brunei Darussalam","Net lending (+) / net borrowing (-), General government, Percent of fiscal year GDP",Annual,2022,2.53,Units
"Brunei Darussalam","Net lending (+) / net borrowing (-), General government, Percent of fiscal year GDP",Annual,2023,-10.86,Units
"Brunei Darussalam","Net lending (+) / net borrowing (-), General government, Percent of fiscal year GDP",Annual,2024,-10.20,Units
"Brunei Darussalam","Net lending (+) / net borrowing (-), General government, Percent of fiscal year GDP",Annual,2025,-11.07,Units
Tonga,"Current account balance (credit less debit), Percent of GDP in US dollars",Annual,2020,-5.74,Units
Tonga,"Current account balance (credit less debit), Percent of GDP in US dollars",Annual,2021,-6.28,Units
Tonga,"Current account balance (credit less debit), Percent of GDP in US dollars",Annual,2022,-5.39,Units
Tonga,"Current account balance (credit less debit), Percent of GDP in US dollars",Annual,2023,-5.92,Units
Tonga,"Current account balance (credit less debit), Percent of GDP in US dollars",Annual,2024,-3.79,Units
Tonga,"Current account balance (credit less debit), Percent of GDP in US dollars",Annual,2025,-5.20,Units
"New Zealand","All Items, Consumer price index (CPI), Period average, percent change",Annual,2020,1.71,Units
"New Zealand","All Items, Consumer price index (CPI), Period average, percent change",Annual,2021,3.94,Units
"New Zealand","All Items, Consumer price index (CPI), Period average, percent change",Annual,2022,7.17,Units
"New Zealand","All Items, Consumer price index (CPI), Period average, percent change",Annual,2023,5.73,Units
"New Zealand","All Items, Consumer price index (CPI), Period average, percent change",Annual,2024,2.92,Units
"New Zealand","All Items, Consumer price index (CPI), Period average, percent change",Annual,2025,2.74,Units
"Lao People's Democratic Republic","All Items, Consumer price index (CPI), Period average, percent change",Annual,2020,5.10,Units
"Lao People's Democratic Republic","All Items, Consumer price index (CPI), Period average, percent change",Annual,2021,3.75,Units
"Lao People's Democratic Republic","All Items, Consumer price index (CPI), Period average, percent change",Annual,2022,22.96,Units
"Lao People's Democratic Republic","All Items, Consumer price index (CPI), Period average, percent change",Annual,2023,31.23,Units
"Lao People's Democratic Republic","All Items, Consumer price index (CPI), Period average, percent change",Annual,2024,23.13,Units
"Lao People's Democratic Republic","All Items, Consumer price index (CPI), Period average, percent change",Annual,2025,7.84,Units
Tonga,"All Items, Consumer price index (CPI), Period average, percent change",Annual,2020,0.24,Units
Tonga,"All Items, Consumer price index (CPI), Period average, percent change",Annual,2021,0.59,Units
Tonga,"All Items, Consumer price index (CPI), Period average, percent change",Annual,2022,6.55,Units
Tonga,"All Items, Consumer price index (CPI), Period average, percent change",Annual,2023,12.55,Units
Tonga,"All Items, Consumer price index (CPI), Period average, percent change",Annual,2024,8.00,Units
Tonga,"All Items, Consumer price index (CPI), Period average, percent change",Annual,2025,2.94,Units
Mongolia,"Net lending (+) / net borrowing (-), General government, Percent of fiscal year GDP",Annual,2020,-9.24,Units
Mongolia,"Net lending (+) / net borrowing (-), General government, Percent of fiscal year GDP",Annual,2021,-3.05,Units
Mongolia,"Net lending (+) / net borrowing (-), General government, Percent of fiscal year GDP",Annual,2022,0.67,Units
Mongolia,"Net lending (+) / net borrowing (-), General government, Percent of fiscal year GDP",Annual,2023,2.73,Units
Mongolia,"Net lending (+) / net borrowing (-), General government, Percent of fiscal year GDP",Annual,2024,1.39,Units
Mongolia,"Net lending (+) / net borrowing (-), General government, Percent of fiscal year GDP",Annual,2025,-0.69,Units
Malaysia,"All Items, Consumer price index (CPI), Period average, percent change",Annual,2020,-1.14,Units
Malaysia,"All Items, Consumer price index (CPI), Period average, percent change",Annual,2021,2.48,Units
Malaysia,"All Items, Consumer price index (CPI), Period average, percent change",Annual,2022,3.38,Units
Malaysia,"All Items, Consumer price index (CPI), Period average, percent change",Annual,2023,2.49,Units
Malaysia,"All Items, Consumer price index (CPI), Period average, percent change",Annual,2024,1.83,Units
Malaysia,"All Items, Consumer price index (CPI), Period average, percent change",Annual,2025,1.59,Units
Maldives,"All Items, Consumer price index (CPI), Period average, percent change",Annual,2020,-1.59,Units
Maldives,"All Items, Consumer price index (CPI), Period average, percent change",Annual,2021,0.21,Units
Maldives,"All Items, Consumer price index (CPI), Period average, percent change",Annual,2022,2.60,Units
Maldives,"All Items, Consumer price index (CPI), Period average, percent change",Annual,2023,2.61,Units
Maldives,"All Items, Consumer price index (CPI), Period average, percent change",Annual,2024,1.45,Units
Maldives,"All Items, Consumer price index (CPI), Period average, percent change",Annual,2025,3.87,Units
"China, People's Republic of","Unemployment rate",Annual,2020,5.62,Units
"China, People's Republic of","Unemployment rate",Annual,2021,5.12,Units
"China, People's Republic of","Unemployment rate",Annual,2022,5.58,Units
"China, People's Republic of","Unemployment rate",Annual,2023,5.22,Units
"China, People's Republic of","Unemployment rate",Annual,2024,5.12,Units
"China, People's Republic of","Unemployment rate",Annual,2025,5.10,Units
"Palau, Republic of","Net lending (+) / net borrowing (-), General government, Percent of fiscal year GDP",Annual,2020,-13.02,Units
"Palau, Republic of","Net lending (+) / net borrowing (-), General government, Percent of fiscal year GDP",Annual,2021,-9.94,Units
"Palau, Republic of","Net lending (+) / net borrowing (-), General government, Percent of fiscal year GDP",Annual,2022,-3.99,Units
"Palau, Republic of","Net lending (+) / net borrowing (-), General government, Percent of fiscal year GDP",Annual,2023,0.73,Units
"Palau, Republic of","Net lending (+) / net borrowing (-), General government, Percent of fiscal year GDP",Annual,2024,1.67,Units
"Palau, Republic of","Net lending (+) / net borrowing (-), General government, Percent of fiscal year GDP",Annual,2025,1.47,Units
Kiribati,"Net lending (+) / net borrowing (-), General government, Percent of fiscal year GDP",Annual,2020,3.57,Units
Kiribati,"Net lending (+) / net borrowing (-), General government, Percent of fiscal year GDP",Annual,2021,-10.77,Units
Kiribati,"Net lending (+) / net borrowing (-), General government, Percent of fiscal year GDP",Annual,2022,-18.31,Units
Kiribati,"Net lending (+) / net borrowing (-), General government, Percent of fiscal year GDP",Annual,2023,0.13,Units
Kiribati,"Net lending (+) / net borrowing (-), General government, Percent of fiscal year GDP",Annual,2024,-22.00,Units
Kiribati,"Net lending (+) / net borrowing (-), General government, Percent of fiscal year GDP",Annual,2025,-15.14,Units
"Micronesia, Federated States of","Net lending (+) / net borrowing (-), General government, Percent of fiscal year GDP",Annual,2020,6.42,Units
"Micronesia, Federated States of","Net lending (+) / net borrowing (-), General government, Percent of fiscal year GDP",Annual,2021,4.44,Units
"Micronesia, Federated States of","Net lending (+) / net borrowing (-), General government, Percent of fiscal year GDP",Annual,2022,17.43,Units
"Micronesia, Federated States of","Net lending (+) / net borrowing (-), General government, Percent of fiscal year GDP",Annual,2023,9.45,Units
"Micronesia, Federated States of","Net lending (+) / net borrowing (-), General government, Percent of fiscal year GDP",Annual,2024,9.19,Units
"Micronesia, Federated States of","Net lending (+) / net borrowing (-), General government, Percent of fiscal year GDP",Annual,2025,6.54,Units
"Hong Kong Special Administrative Region, People's Republic of China","Gross domestic product (GDP), Constant prices, Percent change, Domestic currency",Annual,2020,-6.54,Units
"Hong Kong Special Administrative Region, People's Republic of China","Gross domestic product (GDP), Constant prices, Percent change, Domestic currency",Annual,2021,6.45,Units
"Hong Kong Special Administrative Region, People's Republic of China","Gross domestic product (GDP), Constant prices, Percent change, Domestic currency",Annual,2022,-3.68,Units
"Hong Kong Special Administrative Region, People's Republic of China","Gross domestic product (GDP), Constant prices, Percent change, Domestic currency",Annual,2023,3.22,Units
"Hong Kong Special Administrative Region, People's Republic of China","Gross domestic product (GDP), Constant prices, Percent change, Domestic currency",Annual,2024,2.50,Units
"Hong Kong Special Administrative Region, People's Republic of China","Gross domestic product (GDP), Constant prices, Percent change, Domestic currency",Annual,2025,2.44,Units
"Timor-Leste, Democratic Republic of","Net lending (+) / net borrowing (-), General government, Percent of fiscal year GDP",Annual,2020,-18.90,Units
"Timor-Leste, Democratic Republic of","Net lending (+) / net borrowing (-), General government, Percent of fiscal year GDP",Annual,2021,-20.15,Units
"Timor-Leste, Democratic Republic of","Net lending (+) / net borrowing (-), General government, Percent of fiscal year GDP",Annual,2022,-29.47,Units
"Timor-Leste, Democratic Republic of","Net lending (+) / net borrowing (-), General government, Percent of fiscal year GDP",Annual,2023,-34.73,Units
"Timor-Leste, Democratic Republic of","Net lending (+) / net borrowing (-), General government, Percent of fiscal year GDP",Annual,2024,-43.51,Units
"Timor-Leste, Democratic Republic of","Net lending (+) / net borrowing (-), General government, Percent of fiscal year GDP",Annual,2025,-50.42,Units
Bhutan,"Net lending (+) / net borrowing (-), General government, Percent of fiscal year GDP",Annual,2020,-1.81,Units
Bhutan,"Net lending (+) / net borrowing (-), General government, Percent of fiscal year GDP",Annual,2021,-5.76,Units
Bhutan,"Net lending (+) / net borrowing (-), General government, Percent of fiscal year GDP",Annual,2022,-6.95,Units
Bhutan,"Net lending (+) / net borrowing (-), General government, Percent of fiscal year GDP",Annual,2023,-4.73,Units
Bhutan,"Net lending (+) / net borrowing (-), General government, Percent of fiscal year GDP",Annual,2024,-0.17,Units
Bhutan,"Net lending (+) / net borrowing (-), General government, Percent of fiscal year GDP",Annual,2025,-2.63,Units
"Fiji, Republic of","Unemployment rate",Annual,2020,13.35,Units
"Fiji, Republic of","Unemployment rate",Annual,2021,9.00,Units
"Fiji, Republic of","Unemployment rate",Annual,2022,6.50,Units
"Fiji, Republic of","Unemployment rate",Annual,2023,6.50,Units
"Fiji, Republic of","Unemployment rate",Annual,2024,6.50,Units
"Fiji, Republic of","Unemployment rate",Annual,2025,5.50,Units
Indonesia,"Gross domestic product (GDP), Constant prices, Percent change, Domestic currency",Annual,2020,-2.07,Units
Indonesia,"Gross domestic product (GDP), Constant prices, Percent change, Domestic currency",Annual,2021,3.70,Units
Indonesia,"Gross domestic product (GDP), Constant prices, Percent change, Domestic currency",Annual,2022,5.31,Units
Indonesia,"Gross domestic product (GDP), Constant prices, Percent change, Domestic currency",Annual,2023,5.05,Units
Indonesia,"Gross domestic product (GDP), Constant prices, Percent change, Domestic currency",Annual,2024,5.03,Units
Indonesia,"Gross domestic product (GDP), Constant prices, Percent change, Domestic currency",Annual,2025,4.86,Units
"Palau, Republic of","Current account balance (credit less debit), Percent of GDP in US dollars",Annual,2020,-43.81,Units
"Palau, Republic of","Current account balance (credit less debit), Percent of GDP in US dollars",Annual,2021,-43.76,Units
"Palau, Republic of","Current account balance (credit less debit), Percent of GDP in US dollars",Annual,2022,-49.16,Units
"Palau, Republic of","Current account balance (credit less debit), Percent of GDP in US dollars",Annual,2023,-48.91,Units
"Palau, Republic of","Current account balance (credit less debit), Percent of GDP in US dollars",Annual,2024,-22.23,Units
"Palau, Republic of","Current account balance (credit less debit), Percent of GDP in US dollars",Annual,2025,-15.01,Units
Australia,"All Items, Consumer price index (CPI), Period average, percent change",Annual,2020,0.89,Units
Australia,"All Items, Consumer price index (CPI), Period average, percent change",Annual,2021,2.82,Units
Australia,"All Items, Consumer price index (CPI), Period average, percent change",Annual,2022,6.66,Units
Australia,"All Items, Consumer price index (CPI), Period average, percent change",Annual,2023,5.59,Units
Australia,"All Items, Consumer price index (CPI), Period average, percent change",Annual,2024,3.20,Units
Australia,"All Items, Consumer price index (CPI), Period average, percent change",Annual,2025,2.58,Units
"China, People's Republic of","Current account balance (credit less debit), Percent of GDP in US dollars",Annual,2020,1.65,Units
"China, People's Republic of","Current account balance (credit less debit), Percent of GDP in US dollars",Annual,2021,1.94,Units
"China, People's Republic of","Current account balance (credit less debit), Percent of GDP in US dollars",Annual,2022,2.42,Units
"China, People's Republic of","Current account balance (credit less debit), Percent of GDP in US dollars",Annual,2023,1.44,Units
"China, People's Republic of","Current account balance (credit less debit), Percent of GDP in US dollars",Annual,2024,2.26,Units
"China, People's Republic of","Current account balance (credit less debit), Percent of GDP in US dollars",Annual,2025,3.30,Units
India,"Net lending (+) / net borrowing (-), General government, Percent of fiscal year GDP",Annual,2020,-12.86,Units
India,"Net lending (+) / net borrowing (-), General government, Percent of fiscal year GDP",Annual,2021,-9.45,Units
India,"Net lending (+) / net borrowing (-), General government, Percent of fiscal year GDP",Annual,2022,-8.97,Units
India,"Net lending (+) / net borrowing (-), General government, Percent of fiscal year GDP",Annual,2023,-7.40,Units
India,"Net lending (+) / net borrowing (-), General government, Percent of fiscal year GDP",Annual,2024,-7.90,Units
India,"Net lending (+) / net borrowing (-), General government, Percent of fiscal year GDP",Annual,2025,-7.11,Units
Australia,"Current account balance (credit less debit), Percent of GDP in US dollars",Annual,2020,1.73,Units
Australia,"Current account balance (credit less debit), Percent of GDP in US dollars",Annual,2021,2.41,Units
Australia,"Current account balance (credit less debit), Percent of GDP in US dollars",Annual,2022,0.40,Units
Australia,"Current account balance (credit less debit), Percent of GDP in US dollars",Annual,2023,-0.23,Units
Australia,"Current account balance (credit less debit), Percent of GDP in US dollars",Annual,2024,-1.94,Units
Australia,"Current account balance (credit less debit), Percent of GDP in US dollars",Annual,2025,-1.85,Units
"Micronesia, Federated States of","All Items, Consumer price index (CPI), Period average, percent change",Annual,2020,0.96,Units
"Micronesia, Federated States of","All Items, Consumer price index (CPI), Period average, percent change",Annual,2021,1.77,Units
"Micronesia, Federated States of","All Items, Consumer price index (CPI), Period average, percent change",Annual,2022,5.02,Units
"Micronesia, Federated States of","All Items, Consumer price index (CPI), Period average, percent change",Annual,2023,6.21,Units
"Micronesia, Federated States of","All Items, Consumer price index (CPI), Period average, percent change",Annual,2024,5.44,Units
"Micronesia, Federated States of","All Items, Consumer price index (CPI), Period average, percent change",Annual,2025,4.08,Units
Bhutan,"Current account balance (credit less debit), Percent of GDP in US dollars",Annual,2020,-14.79,Units
Bhutan,"Current account balance (credit less debit), Percent of GDP in US dollars",Annual,2021,-11.15,Units
Bhutan,"Current account balance (credit less debit), Percent of GDP in US dollars",Annual,2022,-29.54,Units
Bhutan,"Current account balance (credit less debit), Percent of GDP in US dollars",Annual,2023,-36.97,Units
Bhutan,"Current account balance (credit less debit), Percent of GDP in US dollars",Annual,2024,-23.62,Units
Bhutan,"Current account balance (credit less debit), Percent of GDP in US dollars",Annual,2025,-16.80,Units
Indonesia,"Unemployment rate",Annual,2020,7.07,Units
Indonesia,"Unemployment rate",Annual,2021,6.49,Units
Indonesia,"Unemployment rate",Annual,2022,5.86,Units
Indonesia,"Unemployment rate",Annual,2023,5.32,Units
Indonesia,"Unemployment rate",Annual,2024,4.91,Units
Indonesia,"Unemployment rate",Annual,2025,5.00,Units
"Fiji, Republic of","All Items, Consumer price index (CPI), Period average, percent change",Annual,2020,-2.60,Units
"Fiji, Republic of","All Items, Consumer price index (CPI), Period average, percent change",Annual,2021,0.16,Units
"Fiji, Republic of","All Items, Consumer price index (CPI), Period average, percent change",Annual,2022,4.32,Units
"Fiji, Republic of","All Items, Consumer price index (CPI), Period average, percent change",Annual,2023,2.34,Units
"Fiji, Republic of","All Items, Consumer price index (CPI), Period average, percent change",Annual,2024,4.51,Units
"Fiji, Republic of","All Items, Consumer price index (CPI), Period average, percent change",Annual,2025,0.10,Units
Tuvalu,"Gross domestic product (GDP), Constant prices, Percent change, Domestic currency",Annual,2020,-3.27,Units
Tuvalu,"Gross domestic product (GDP), Constant prices, Percent change, Domestic currency",Annual,2021,0.10,Units
Tuvalu,"Gross domestic product (GDP), Constant prices, Percent change, Domestic currency",Annual,2022,-11.75,Units
Tuvalu,"Gross domestic product (GDP), Constant prices, Percent change, Domestic currency",Annual,2023,4.03,Units
Tuvalu,"Gross domestic product (GDP), Constant prices, Percent change, Domestic currency",Annual,2024,3.08,Units
Tuvalu,"Gross domestic product (GDP), Constant prices, Percent change, Domestic currency",Annual,2025,3.02,Units
India,"Current account balance (credit less debit), Percent of GDP in US dollars",Annual,2020,0.90,Units
India,"Current account balance (credit less debit), Percent of GDP in US dollars",Annual,2021,-1.22,Units
India,"Current account balance (credit less debit), Percent of GDP in US dollars",Annual,2022,-2.00,Units
India,"Current account balance (credit less debit), Percent of GDP in US dollars",Annual,2023,-0.72,Units
India,"Current account balance (credit less debit), Percent of GDP in US dollars",Annual,2024,-0.59,Units
India,"Current account balance (credit less debit), Percent of GDP in US dollars",Annual,2025,-1.00,Units
"Lao People's Democratic Republic","Current account balance (credit less debit), Percent of GDP in US dollars",Annual,2020,-1.64,Units
"Lao People's Democratic Republic","Current account balance (credit less debit), Percent of GDP in US dollars",Annual,2021,2.33,Units
"Lao People's Democratic Republic","Current account balance (credit less debit), Percent of GDP in US dollars",Annual,2022,-3.03,Units
"Lao People's Democratic Republic","Current account balance (credit less debit), Percent of GDP in US dollars",Annual,2023,2.69,Units
"Lao People's Democratic Republic","Current account balance (credit less debit), Percent of GDP in US dollars",Annual,2024,3.34,Units
"Lao People's Democratic Republic","Current account balance (credit less debit), Percent of GDP in US dollars",Annual,2025,5.33,Units
Tuvalu,"Current account balance (credit less debit), Percent of GDP in US dollars",Annual,2020,16.23,Units
Tuvalu,"Current account balance (credit less debit), Percent of GDP in US dollars",Annual,2021,29.82,Units
Tuvalu,"Current account balance (credit less debit), Percent of GDP in US dollars",Annual,2022,-0.27,Units
Tuvalu,"Current account balance (credit less debit), Percent of GDP in US dollars",Annual,2023,39.98,Units
Tuvalu,"Current account balance (credit less debit), Percent of GDP in US dollars",Annual,2024,7.28,Units
Tuvalu,"Current account balance (credit less debit), Percent of GDP in US dollars",Annual,2025,15.05,Units
"Brunei Darussalam","Unemployment rate",Annual,2020,6.82,Units
"Brunei Darussalam","Unemployment rate",Annual,2021,7.30,Units
"Brunei Darussalam","Unemployment rate",Annual,2022,4.91,Units
"Brunei Darussalam","Unemployment rate",Annual,2023,5.16,Units
"Brunei Darussalam","Unemployment rate",Annual,2024,5.20,Units
"Brunei Darussalam","Unemployment rate",Annual,2025,4.80,Units
Cambodia,"All Items, Consumer price index (CPI), Period average, percent change",Annual,2020,2.94,Units
Cambodia,"All Items, Consumer price index (CPI), Period average, percent change",Annual,2021,2.92,Units
Cambodia,"All Items, Consumer price index (CPI), Period average, percent change",Annual,2022,5.33,Units
Cambodia,"All Items, Consumer price index (CPI), Period average, percent change",Annual,2023,2.13,Units
Cambodia,"All Items, Consumer price index (CPI), Period average, percent change",Annual,2024,0.87,Units
Cambodia,"All Items, Consumer price index (CPI), Period average, percent change",Annual,2025,1.63,Units
"Taiwan Province of China","Current account balance (credit less debit), Percent of GDP in US dollars",Annual,2020,14.41,Units
"Taiwan Province of China","Current account balance (credit less debit), Percent of GDP in US dollars",Annual,2021,15.04,Units
"Taiwan Province of China","Current account balance (credit less debit), Percent of GDP in US dollars",Annual,2022,13.25,Units
"Taiwan Province of China","Current account balance (credit less debit), Percent of GDP in US dollars",Annual,2023,13.97,Units
"Taiwan Province of China","Current account balance (credit less debit), Percent of GDP in US dollars",Annual,2024,14.13,Units
"Taiwan Province of China","Current account balance (credit less debit), Percent of GDP in US dollars",Annual,2025,13.83,Units
"Korea, Republic of","Current account balance (credit less debit), Percent of GDP in US dollars",Annual,2020,4.35,Units
"Korea, Republic of","Current account balance (credit less debit), Percent of GDP in US dollars",Annual,2021,4.39,Units
"Korea, Republic of","Current account balance (credit less debit), Percent of GDP in US dollars",Annual,2022,1.44,Units
"Korea, Republic of","Current account balance (credit less debit), Percent of GDP in US dollars",Annual,2023,1.78,Units
"Korea, Republic of","Current account balance (credit less debit), Percent of GDP in US dollars",Annual,2024,5.28,Units
"Korea, Republic of","Current account balance (credit less debit), Percent of GDP in US dollars",Annual,2025,4.80,Units
Thailand,"Net lending (+) / net borrowing (-), General government, Percent of fiscal year GDP",Annual,2020,-4.47,Units
Thailand,"Net lending (+) / net borrowing (-), General government, Percent of fiscal year GDP",Annual,2021,-6.74,Units
Thailand,"Net lending (+) / net borrowing (-), General government, Percent of fiscal year GDP",Annual,2022,-4.61,Units
Thailand,"Net lending (+) / net borrowing (-), General government, Percent of fiscal year GDP",Annual,2023,-1.98,Units
Thailand,"Net lending (+) / net borrowing (-), General government, Percent of fiscal year GDP",Annual,2024,-1.29,Units
Thailand,"Net lending (+) / net borrowing (-), General government, Percent of fiscal year GDP",Annual,2025,-2.59,Units
Bhutan,"Gross domestic product (GDP), Constant prices, Percent change, Domestic currency",Annual,2020,-2.46,Units
Bhutan,"Gross domestic product (GDP), Constant prices, Percent change, Domestic currency",Annual,2021,-3.29,Units
Bhutan,"Gross domestic product (GDP), Constant prices, Percent change, Domestic currency",Annual,2022,4.83,Units
Bhutan,"Gross domestic product (GDP), Constant prices, Percent change, Domestic currency",Annual,2023,5.04,Units
Bhutan,"Gross domestic product (GDP), Constant prices, Percent change, Domestic currency",Annual,2024,4.25,Units
Bhutan,"Gross domestic product (GDP), Constant prices, Percent change, Domestic currency",Annual,2025,6.79,Units
"Hong Kong Special Administrative Region, People's Republic of China","Current account balance (credit less debit), Percent of GDP in US dollars",Annual,2020,6.99,Units
"Hong Kong Special Administrative Region, People's Republic of China","Current account balance (credit less debit), Percent of GDP in US dollars",Annual,2021,11.80,Units
"Hong Kong Special Administrative Region, People's Republic of China","Current account balance (credit less debit), Percent of GDP in US dollars",Annual,2022,10.22,Units
"Hong Kong Special Administrative Region, People's Republic of China","Current account balance (credit less debit), Percent of GDP in US dollars",Annual,2023,8.50,Units
"Hong Kong Special Administrative Region, People's Republic of China","Current account balance (credit less debit), Percent of GDP in US dollars",Annual,2024,12.98,Units
"Hong Kong Special Administrative Region, People's Republic of China","Current account balance (credit less debit), Percent of GDP in US dollars",Annual,2025,12.54,Units
"Sri Lanka","Current account balance (credit less debit), Percent of GDP in US dollars",Annual,2020,-1.41,Units
"Sri Lanka","Current account balance (credit less debit), Percent of GDP in US dollars",Annual,2021,-3.71,Units
"Sri Lanka","Current account balance (credit less debit), Percent of GDP in US dollars",Annual,2022,-0.99,Units
"Sri Lanka","Current account balance (credit less debit), Percent of GDP in US dollars",Annual,2023,2.94,Units
"Sri Lanka","Current account balance (credit less debit), Percent of GDP in US dollars",Annual,2024,1.76,Units
Japan,"Net lending (+) / net borrowing (-), General government, Percent of fiscal year GDP",Annual,2020,-9.08,Units
Japan,"Net lending (+) / net borrowing (-), General government, Percent of fiscal year GDP",Annual,2021,-6.13,Units
Japan,"Net lending (+) / net borrowing (-), General government, Percent of fiscal year GDP",Annual,2022,-4.21,Units
Japan,"Net lending (+) / net borrowing (-), General government, Percent of fiscal year GDP",Annual,2023,-2.26,Units
Japan,"Net lending (+) / net borrowing (-), General government, Percent of fiscal year GDP",Annual,2024,-1.53,Units
Japan,"Net lending (+) / net borrowing (-), General government, Percent of fiscal year GDP",Annual,2025,-1.26,Units
"Micronesia, Federated States of","Gross domestic product (GDP), Constant prices, Percent change, Domestic currency",Annual,2020,-1.98,Units
"Micronesia, Federated States of","Gross domestic product (GDP), Constant prices, Percent change, Domestic currency",Annual,2021,3.10,Units
"Micronesia, Federated States of","Gross domestic product (GDP), Constant prices, Percent change, Domestic currency",Annual,2022,-2.91,Units
"Micronesia, Federated States of","Gross domestic product (GDP), Constant prices, Percent change, Domestic currency",Annual,2023,0.48,Units
"Micronesia, Federated States of","Gross domestic product (GDP), Constant prices, Percent change, Domestic currency",Annual,2024,0.72,Units
"Micronesia, Federated States of","Gross domestic product (GDP), Constant prices, Percent change, Domestic currency",Annual,2025,0.99,Units
"Hong Kong Special Administrative Region, People's Republic of China","All Items, Consumer price index (CPI), Period average, percent change",Annual,2020,0.25,Units
"Hong Kong Special Administrative Region, People's Republic of China","All Items, Consumer price index (CPI), Period average, percent change",Annual,2021,1.57,Units
"Hong Kong Special Administrative Region, People's Republic of China","All Items, Consumer price index (CPI), Period average, percent change",Annual,2022,1.88,Units
"Hong Kong Special Administrative Region, People's Republic of China","All Items, Consumer price index (CPI), Period average, percent change",Annual,2023,2.10,Units
"Hong Kong Special Administrative Region, People's Republic of China","All Items, Consumer price index (CPI), Period average, percent change",Annual,2024,1.73,Units
"Hong Kong Special Administrative Region, People's Republic of China","All Items, Consumer price index (CPI), Period average, percent change",Annual,2025,1.75,Units
India,"Gross domestic product (GDP), Constant prices, Percent change, Domestic currency",Annual,2020,-5.78,Units
India,"Gross domestic product (GDP), Constant prices, Percent change, Domestic currency",Annual,2021,9.69,Units
India,"Gross domestic product (GDP), Constant prices, Percent change, Domestic currency",Annual,2022,7.61,Units
India,"Gross domestic product (GDP), Constant prices, Percent change, Domestic currency",Annual,2023,9.19,Units
India,"Gross domestic product (GDP), Constant prices, Percent change, Domestic currency",Annual,2024,6.49,Units
India,"Gross domestic product (GDP), Constant prices, Percent change, Domestic currency",Annual,2025,6.65,Units
"Timor-Leste, Democratic Republic of","Current account balance (credit less debit), Percent of GDP in US dollars",Annual,2020,23.81,Units
"Timor-Leste, Democratic Republic of","Current account balance (credit less debit), Percent of GDP in US dollars",Annual,2021,46.81,Units
"Timor-Leste, Democratic Republic of","Current account balance (credit less debit), Percent of GDP in US dollars",Annual,2022,12.72,Units
"Timor-Leste, Democratic Republic of","Current account balance (credit less debit), Percent of GDP in US dollars",Annual,2023,-8.53,Units
"Timor-Leste, Democratic Republic of","Current account balance (credit less debit), Percent of GDP in US dollars",Annual,2024,-28.05,Units
"Timor-Leste, Democratic Republic of","Current account balance (credit less debit), Percent of GDP in US dollars",Annual,2025,-31.07,Units
"Solomon Islands","Gross domestic product (GDP), Constant prices, Percent change, Domestic currency",Annual,2020,-3.38,Units
"Solomon Islands","Gross domestic product (GDP), Constant prices, Percent change, Domestic currency",Annual,2021,2.56,Units
"Solomon Islands","Gross domestic product (GDP), Constant prices, Percent change, Domestic currency",Annual,2022,2.40,Units
"Solomon Islands","Gross domestic product (GDP), Constant prices, Percent change, Domestic currency",Annual,2023,2.66,Units
"Solomon Islands","Gross domestic product (GDP), Constant prices, Percent change, Domestic currency",Annual,2024,2.53,Units
"Solomon Islands","Gross domestic product (GDP), Constant prices, Percent change, Domestic currency",Annual,2025,2.71,Units
Myanmar,"Gross domestic product (GDP), Constant prices, Percent change, Domestic currency",Annual,2020,-9.03,Units
Myanmar,"Gross domestic product (GDP), Constant prices, Percent change, Domestic currency",Annual,2021,-12.00,Units
Myanmar,"Gross domestic product (GDP), Constant prices, Percent change, Domestic currency",Annual,2022,4.02,Units
Myanmar,"Gross domestic product (GDP), Constant prices, Percent change, Domestic currency",Annual,2023,1.00,Units
Myanmar,"Gross domestic product (GDP), Constant prices, Percent change, Domestic currency",Annual,2024,-1.12,Units
Myanmar,"Gross domestic product (GDP), Constant prices, Percent change, Domestic currency",Annual,2025,-2.68,Units
Vanuatu,"All Items, Consumer price index (CPI), Period average, percent change",Annual,2020,5.35,Units
Vanuatu,"All Items, Consumer price index (CPI), Period average, percent change",Annual,2021,2.34,Units
Vanuatu,"All Items, Consumer price index (CPI), Period average, percent change",Annual,2022,6.68,Units
Vanuatu,"All Items, Consumer price index (CPI), Period average, percent change",Annual,2023,11.18,Units
Vanuatu,"All Items, Consumer price index (CPI), Period average, percent change",Annual,2024,1.20,Units
Vanuatu,"All Items, Consumer price index (CPI), Period average, percent change",Annual,2025,1.74,Units
Cambodia,"Net lending (+) / net borrowing (-), General government, Percent of fiscal year GDP",Annual,2020,-2.53,Units
Cambodia,"Net lending (+) / net borrowing (-), General government, Percent of fiscal year GDP",Annual,2021,-5.18,Units
Cambodia,"Net lending (+) / net borrowing (-), General government, Percent of fiscal year GDP",Annual,2022,-0.29,Units
Cambodia,"Net lending (+) / net borrowing (-), General government, Percent of fiscal year GDP",Annual,2023,-2.83,Units
Cambodia,"Net lending (+) / net borrowing (-), General government, Percent of fiscal year GDP",Annual,2024,-2.67,Units
Cambodia,"Net lending (+) / net borrowing (-), General government, Percent of fiscal year GDP",Annual,2025,-3.70,Units
"Macao Special Administrative Region, People's Republic of China","Gross domestic product (GDP), Constant prices, Percent change, Domestic currency",Annual,2020,-54.34,Units
"Macao Special Administrative Region, People's Republic of China","Gross domestic product (GDP), Constant prices, Percent change, Domestic currency",Annual,2021,23.54,Units
"Macao Special Administrative Region, People's Republic of China","Gross domestic product (GDP), Constant prices, Percent change, Domestic currency",Annual,2022,-19.61,Units
"Macao Special Administrative Region, People's Republic of China","Gross domestic product (GDP), Constant prices, Percent change, Domestic currency",Annual,2023,75.06,Units
"Macao Special Administrative Region, People's Republic of China","Gross domestic product (GDP), Constant prices, Percent change, Domestic currency",Annual,2024,8.81,Units
"Macao Special Administrative Region, People's Republic of China","Gross domestic product (GDP), Constant prices, Percent change, Domestic currency",Annual,2025,2.59,Units
"Lao People's Democratic Republic","Gross domestic product (GDP), Constant prices, Percent change, Domestic currency",Annual,2020,-0.43,Units
"Lao People's Democratic Republic","Gross domestic product (GDP), Constant prices, Percent change, Domestic currency",Annual,2021,2.06,Units
"Lao People's Democratic Republic","Gross domestic product (GDP), Constant prices, Percent change, Domestic currency",Annual,2022,2.25,Units
"Lao People's Democratic Republic","Gross domestic product (GDP), Constant prices, Percent change, Domestic currency",Annual,2023,3.66,Units
"Lao People's Democratic Republic","Gross domestic product (GDP), Constant prices, Percent change, Domestic currency",Annual,2024,4.30,Units
"Lao People's Democratic Republic","Gross domestic product (GDP), Constant prices, Percent change, Domestic currency",Annual,2025,3.49,Units
Indonesia,"All Items, Consumer price index (CPI), Period average, percent change",Annual,2020,2.03,Units
Indonesia,"All Items, Consumer price index (CPI), Period average, percent change",Annual,2021,1.56,Units
Indonesia,"All Items, Consumer price index (CPI), Period average, percent change",Annual,2022,4.14,Units
Indonesia,"All Items, Consumer price index (CPI), Period average, percent change",Annual,2023,3.71,Units
Indonesia,"All Items, Consumer price index (CPI), Period average, percent change",Annual,2024,2.30,Units
Indonesia,"All Items, Consumer price index (CPI), Period average, percent change",Annual,2025,1.84,Units
Samoa,"Gross domestic product (GDP), Constant prices, Percent change, Domestic currency",Annual,2020,-3.10,Units
Samoa,"Gross domestic product (GDP), Constant prices, Percent change, Domestic currency",Annual,2021,-5.08,Units
Samoa,"Gross domestic product (GDP), Constant prices, Percent change, Domestic currency",Annual,2022,2.27,Units
Samoa,"Gross domestic product (GDP), Constant prices, Percent change, Domestic currency",Annual,2023,15.22,Units
Samoa,"Gross domestic product (GDP), Constant prices, Percent change, Domestic currency",Annual,2024,4.56,Units
Samoa,"Gross domestic product (GDP), Constant prices, Percent change, Domestic currency",Annual,2025,2.71,Units
Bangladesh,"Current account balance (credit less debit), Percent of GDP in US dollars",Annual,2020,-1.45,Units
Bangladesh,"Current account balance (credit less debit), Percent of GDP in US dollars",Annual,2021,-1.10,Units
Bangladesh,"Current account balance (credit less debit), Percent of GDP in US dollars",Annual,2022,-3.95,Units
Bangladesh,"Current account balance (credit less debit), Percent of GDP in US dollars",Annual,2023,-2.58,Units
Bangladesh,"Current account balance (credit less debit), Percent of GDP in US dollars",Annual,2024,-1.45,Units
Bangladesh,"Current account balance (credit less debit), Percent of GDP in US dollars",Annual,2025,0.03,Units
Kiribati,"Current account balance (credit less debit), Percent of GDP in US dollars",Annual,2020,32.16,Units
Kiribati,"Current account balance (credit less debit), Percent of GDP in US dollars",Annual,2021,7.09,Units
Kiribati,"Current account balance (credit less debit), Percent of GDP in US dollars",Annual,2022,-12.02,Units
Kiribati,"Current account balance (credit less debit), Percent of GDP in US dollars",Annual,2023,-1.77,Units
Kiribati,"Current account balance (credit less debit), Percent of GDP in US dollars",Annual,2024,-19.33,Units
Kiribati,"Current account balance (credit less debit), Percent of GDP in US dollars",Annual,2025,-10.48,Units
"Macao Special Administrative Region, People's Republic of China","All Items, Consumer price index (CPI), Period average, percent change",Annual,2020,0.81,Units
"Macao Special Administrative Region, People's Republic of China","All Items, Consumer price index (CPI), Period average, percent change",Annual,2021,0.03,Units
"Macao Special Administrative Region, People's Republic of China","All Items, Consumer price index (CPI), Period average, percent change",Annual,2022,1.04,Units
"Macao Special Administrative Region, People's Republic of China","All Items, Consumer price index (CPI), Period average, percent change",Annual,2023,0.94,Units
"Macao Special Administrative Region, People's Republic of China","All Items, Consumer price index (CPI), Period average, percent change",Annual,2024,0.74,Units
"Macao Special Administrative Region, People's Republic of China","All Items, Consumer price index (CPI), Period average, percent change",Annual,2025,0.50,Units
Thailand,"Gross domestic product (GDP), Constant prices, Percent change, Domestic currency",Annual,2020,-6.05,Units
Thailand,"Gross domestic product (GDP), Constant prices, Percent change, Domestic currency",Annual,2021,1.54,Units
Thailand,"Gross domestic product (GDP), Constant prices, Percent change, Domestic currency",Annual,2022,2.63,Units
Thailand,"Gross domestic product (GDP), Constant prices, Percent change, Domestic currency",Annual,2023,2.01,Units
Thailand,"Gross domestic product (GDP), Constant prices, Percent change, Domestic currency",Annual,2024,2.54,Units
Thailand,"Gross domestic product (GDP), Constant prices, Percent change, Domestic currency",Annual,2025,2.00,Units
Philippines,"Current account balance (credit less debit), Percent of GDP in US dollars",Annual,2020,3.20,Units
Philippines,"Current account balance (credit less debit), Percent of GDP in US dollars",Annual,2021,-1.51,Units
Philippines,"Current account balance (credit less debit), Percent of GDP in US dollars",Annual,2022,-4.52,Units
Philippines,"Current account balance (credit less debit), Percent of GDP in US dollars",Annual,2023,-2.83,Units
Philippines,"Current account balance (credit less debit), Percent of GDP in US dollars",Annual,2024,-3.96,Units
Philippines,"Current account balance (credit less debit), Percent of GDP in US dollars",Annual,2025,-3.81,Units
Philippines,"Unemployment rate",Annual,2020,10.40,Units
Philippines,"Unemployment rate",Annual,2021,7.78,Units
Philippines,"Unemployment rate",Annual,2022,5.40,Units
Philippines,"Unemployment rate",Annual,2023,4.36,Units
Philippines,"Unemployment rate",Annual,2024,3.81,Units
Philippines,"Unemployment rate",Annual,2025,3.87,Units
Myanmar,"Net lending (+) / net borrowing (-), General government, Percent of fiscal year GDP",Annual,2020,-6.50,
Myanmar,"Net lending (+) / net borrowing (-), General government, Percent of fiscal year GDP",Annual,2021,-2.47,
Myanmar,"Net lending (+) / net borrowing (-), General government, Percent of fiscal year GDP",Annual,2022,-2.82,
Myanmar,"Net lending (+) / net borrowing (-), General government, Percent of fiscal year GDP",Annual,2023,-5.18,
Myanmar,"Net lending (+) / net borrowing (-), General government, Percent of fiscal year GDP",Annual,2024,-5.06,
Myanmar,"Net lending (+) / net borrowing (-), General government, Percent of fiscal year GDP",Annual,2025,-6.85,
"Brunei Darussalam","All Items, Consumer price index (CPI), Period average, percent change",Annual,2020,1.94,Units
"Brunei Darussalam","All Items, Consumer price index (CPI), Period average, percent change",Annual,2021,1.73,Units
"Brunei Darussalam","All Items, Consumer price index (CPI), Period average, percent change",Annual,2022,3.68,Units
"Brunei Darussalam","All Items, Consumer price index (CPI), Period average, percent change",Annual,2023,0.36,Units
"Brunei Darussalam","All Items, Consumer price index (CPI), Period average, percent change",Annual,2024,-0.39,Units
"Brunei Darussalam","All Items, Consumer price index (CPI), Period average, percent change",Annual,2025,0.40,Units
"Marshall Islands, Republic of the","Current account balance (credit less debit), Percent of GDP in US dollars",Annual,2020,14.91,Units
"Marshall Islands, Republic of the","Current account balance (credit less debit), Percent of GDP in US dollars",Annual,2021,22.69,Units
"Marshall Islands, Republic of the","Current account balance (credit less debit), Percent of GDP in US dollars",Annual,2022,10.05,Units
"Marshall Islands, Republic of the","Current account balance (credit less debit), Percent of GDP in US dollars",Annual,2023,16.82,Units
"Marshall Islands, Republic of the","Current account balance (credit less debit), Percent of GDP in US dollars",Annual,2024,13.97,Units
"Marshall Islands, Republic of the","Current account balance (credit less debit), Percent of GDP in US dollars",Annual,2025,10.29,Units
Thailand,"Unemployment rate",Annual,2020,1.70,Units
Thailand,"Unemployment rate",Annual,2021,1.90,Units
Thailand,"Unemployment rate",Annual,2022,1.30,Units
Thailand,"Unemployment rate",Annual,2023,1.00,Units
Thailand,"Unemployment rate",Annual,2024,1.00,Units
Thailand,"Unemployment rate",Annual,2025,1.00,Units
"Timor-Leste, Democratic Republic of","All Items, Consumer price index (CPI), Period average, percent change",Annual,2020,0.49,Units
"Timor-Leste, Democratic Republic of","All Items, Consumer price index (CPI), Period average, percent change",Annual,2021,3.77,Units
"Timor-Leste, Democratic Republic of","All Items, Consumer price index (CPI), Period average, percent change",Annual,2022,7.01,Units
"Timor-Leste, Democratic Republic of","All Items, Consumer price index (CPI), Period average, percent change",Annual,2023,8.42,Units
"Timor-Leste, Democratic Republic of","All Items, Consumer price index (CPI), Period average, percent change",Annual,2024,2.06,Units
"Timor-Leste, Democratic Republic of","All Items, Consumer price index (CPI), Period average, percent change",Annual,2025,0.89,Units
Nepal,"Net lending (+) / net borrowing (-), General government, Percent of fiscal year GDP",Annual,2020,-7.47,Units
Nepal,"Net lending (+) / net borrowing (-), General government, Percent of fiscal year GDP",Annual,2021,-3.98,Units
Nepal,"Net lending (+) / net borrowing (-), General government, Percent of fiscal year GDP",Annual,2022,-3.12,Units
Nepal,"Net lending (+) / net borrowing (-), General government, Percent of fiscal year GDP",Annual,2023,-5.81,Units
Nepal,"Net lending (+) / net borrowing (-), General government, Percent of fiscal year GDP",Annual,2024,-2.76,Units
Nepal,"Net lending (+) / net borrowing (-), General government, Percent of fiscal year GDP",Annual,2025,-1.82,Units
Japan,"All Items, Consumer price index (CPI), Period average, percent change",Annual,2020,-0.03,Units
Japan,"All Items, Consumer price index (CPI), Period average, percent change",Annual,2021,-0.23,Units
Japan,"All Items, Consumer price index (CPI), Period average, percent change",Annual,2022,2.50,Units
Japan,"All Items, Consumer price index (CPI), Period average, percent change",Annual,2023,3.27,Units
Japan,"All Items, Consumer price index (CPI), Period average, percent change",Annual,2024,2.74,Units
Japan,"All Items, Consumer price index (CPI), Period average, percent change",Annual,2025,3.29,Units
Kiribati,"Gross domestic product (GDP), Constant prices, Percent change, Domestic currency",Annual,2020,-1.47,Units
Kiribati,"Gross domestic product (GDP), Constant prices, Percent change, Domestic currency",Annual,2021,8.48,Units
Kiribati,"Gross domestic product (GDP), Constant prices, Percent change, Domestic currency",Annual,2022,4.57,Units
Kiribati,"Gross domestic product (GDP), Constant prices, Percent change, Domestic currency",Annual,2023,2.65,Units
Kiribati,"Gross domestic product (GDP), Constant prices, Percent change, Domestic currency",Annual,2024,5.27,Units
Kiribati,"Gross domestic product (GDP), Constant prices, Percent change, Domestic currency",Annual,2025,3.90,Units
Myanmar,"All Items, Consumer price index (CPI), Period average, percent change",Annual,2020,2.25,Units
Myanmar,"All Items, Consumer price index (CPI), Period average, percent change",Annual,2021,9.60,Units
Myanmar,"All Items, Consumer price index (CPI), Period average, percent change",Annual,2022,28.01,Units
Myanmar,"All Items, Consumer price index (CPI), Period average, percent change",Annual,2023,25.49,Units
Myanmar,"All Items, Consumer price index (CPI), Period average, percent change",Annual,2024,26.50,Units
Myanmar,"All Items, Consumer price index (CPI), Period average, percent change",Annual,2025,31.00,Units
Malaysia,"Gross domestic product (GDP), Constant prices, Percent change, Domestic currency",Annual,2020,-5.46,Units
Malaysia,"Gross domestic product (GDP), Constant prices, Percent change, Domestic currency",Annual,2021,3.32,Units
Malaysia,"Gross domestic product (GDP), Constant prices, Percent change, Domestic currency",Annual,2022,9.03,Units
Malaysia,"Gross domestic product (GDP), Constant prices, Percent change, Domestic currency",Annual,2023,3.54,Units
Malaysia,"Gross domestic product (GDP), Constant prices, Percent change, Domestic currency",Annual,2024,5.11,Units
Malaysia,"Gross domestic product (GDP), Constant prices, Percent change, Domestic currency",Annual,2025,4.50,Units
Japan,"Gross domestic product (GDP), Constant prices, Percent change, Domestic currency",Annual,2020,-4.17,Units
Japan,"Gross domestic product (GDP), Constant prices, Percent change, Domestic currency",Annual,2021,2.70,Units
Japan,"Gross domestic product (GDP), Constant prices, Percent change, Domestic currency",Annual,2022,0.96,Units
Japan,"Gross domestic product (GDP), Constant prices, Percent change, Domestic currency",Annual,2023,1.25,Units
Japan,"Gross domestic product (GDP), Constant prices, Percent change, Domestic currency",Annual,2024,0.10,Units
Japan,"Gross domestic product (GDP), Constant prices, Percent change, Domestic currency",Annual,2025,1.08,Units
"Sri Lanka","Net lending (+) / net borrowing (-), General government, Percent of fiscal year GDP",Annual,2020,-13.36,Units
"Sri Lanka","Net lending (+) / net borrowing (-), General government, Percent of fiscal year GDP",Annual,2021,-11.68,Units
"Sri Lanka","Net lending (+) / net borrowing (-), General government, Percent of fiscal year GDP",Annual,2022,-10.22,Units
"Sri Lanka","Net lending (+) / net borrowing (-), General government, Percent of fiscal year GDP",Annual,2023,-8.32,Units
"Sri Lanka","Net lending (+) / net borrowing (-), General government, Percent of fiscal year GDP",Annual,2024,-5.64,Units
"Marshall Islands, Republic of the","All Items, Consumer price index (CPI), Period average, percent change",Annual,2020,-0.66,
"Marshall Islands, Republic of the","All Items, Consumer price index (CPI), Period average, percent change",Annual,2021,2.25,
"Marshall Islands, Republic of the","All Items, Consumer price index (CPI), Period average, percent change",Annual,2022,2.77,
"Marshall Islands, Republic of the","All Items, Consumer price index (CPI), Period average, percent change",Annual,2023,7.44,
"Marshall Islands, Republic of the","All Items, Consumer price index (CPI), Period average, percent change",Annual,2024,5.20,
"Marshall Islands, Republic of the","All Items, Consumer price index (CPI), Period average, percent change",Annual,2025,5.18,
Tuvalu,"All Items, Consumer price index (CPI), Period average, percent change",Annual,2020,1.57,Units
Tuvalu,"All Items, Consumer price index (CPI), Period average, percent change",Annual,2021,6.69,Units
Tuvalu,"All Items, Consumer price index (CPI), Period average, percent change",Annual,2022,12.18,Units
Tuvalu,"All Items, Consumer price index (CPI), Period average, percent change",Annual,2023,7.17,Units
Tuvalu,"All Items, Consumer price index (CPI), Period average, percent change",Annual,2024,1.17,Units
Tuvalu,"All Items, Consumer price index (CPI), Period average, percent change",Annual,2025,1.96,Units
"Timor-Leste, Democratic Republic of","Gross domestic product (GDP), Constant prices, Percent change, Domestic currency",Annual,2020,-8.49,Units
"Timor-Leste, Democratic Republic of","Gross domestic product (GDP), Constant prices, Percent change, Domestic currency",Annual,2021,2.97,Units
"Timor-Leste, Democratic Republic of","Gross domestic product (GDP), Constant prices, Percent change, Domestic currency",Annual,2022,3.95,Units
"Timor-Leste, Democratic Republic of","Gross domestic product (GDP), Constant prices, Percent change, Domestic currency",Annual,2023,2.37,Units
"Timor-Leste, Democratic Republic of","Gross domestic product (GDP), Constant prices, Percent change, Domestic currency",Annual,2024,4.10,Units
"Timor-Leste, Democratic Republic of","Gross domestic product (GDP), Constant prices, Percent change, Domestic currency",Annual,2025,3.90,Units
Bangladesh,"Gross domestic product (GDP), Constant prices, Percent change, Domestic currency",Annual,2020,3.45,Units
Bangladesh,"Gross domestic product (GDP), Constant prices, Percent change, Domestic currency",Annual,2021,6.94,Units
Bangladesh,"Gross domestic product (GDP), Constant prices, Percent change, Domestic currency",Annual,2022,7.10,Units
Bangladesh,"Gross domestic product (GDP), Constant prices, Percent change, Domestic currency",Annual,2023,5.78,Units
Bangladesh,"Gross domestic product (GDP), Constant prices, Percent change, Domestic currency",Annual,2024,4.22,Units
Bangladesh,"Gross domestic product (GDP), Constant prices, Percent change, Domestic currency",Annual,2025,3.76,Units
Tonga,"Net lending (+) / net borrowing (-), General government, Percent of fiscal year GDP",Annual,2020,5.25,Units
Tonga,"Net lending (+) / net borrowing (-), General government, Percent of fiscal year GDP",Annual,2021,-0.87,Units
Tonga,"Net lending (+) / net borrowing (-), General government, Percent of fiscal year GDP",Annual,2022,-0.10,Units
Tonga,"Net lending (+) / net borrowing (-), General government, Percent of fiscal year GDP",Annual,2023,6.14,Units
Tonga,"Net lending (+) / net borrowing (-), General government, Percent of fiscal year GDP",Annual,2024,4.17,Units
Tonga,"Net lending (+) / net borrowing (-), General government, Percent of fiscal year GDP",Annual,2025,5.64,Units
Tonga,"Gross domestic product (GDP), Constant prices, Percent change, Domestic currency",Annual,2020,1.78,Units
Tonga,"Gross domestic product (GDP), Constant prices, Percent change, Domestic currency",Annual,2021,0.36,Units
Tonga,"Gross domestic product (GDP), Constant prices, Percent change, Domestic currency",Annual,2022,-2.31,Units
Tonga,"Gross domestic product (GDP), Constant prices, Percent change, Domestic currency",Annual,2023,2.08,Units
Tonga,"Gross domestic product (GDP), Constant prices, Percent change, Domestic currency",Annual,2024,2.07,Units
Tonga,"Gross domestic product (GDP), Constant prices, Percent change, Domestic currency",Annual,2025,2.72,Units
"Sri Lanka","All Items, Consumer price index (CPI), Period average, percent change",Annual,2020,4.57,Units
"Sri Lanka","All Items, Consumer price index (CPI), Period average, percent change",Annual,2021,5.95,Units
"Sri Lanka","All Items, Consumer price index (CPI), Period average, percent change",Annual,2022,45.21,Units
"Sri Lanka","All Items, Consumer price index (CPI), Period average, percent change",Annual,2023,17.37,Units
"Sri Lanka","All Items, Consumer price index (CPI), Period average, percent change",Annual,2024,1.24,Units
Maldives,"Gross domestic product (GDP), Constant prices, Percent change, Domestic currency",Annual,2020,-32.91,Units
Maldives,"Gross domestic product (GDP), Constant prices, Percent change, Domestic currency",Annual,2021,37.51,Units
Maldives,"Gross domestic product (GDP), Constant prices, Percent change, Domestic currency",Annual,2022,13.83,Units
Maldives,"Gross domestic product (GDP), Constant prices, Percent change, Domestic currency",Annual,2023,4.89,Units
Maldives,"Gross domestic product (GDP), Constant prices, Percent change, Domestic currency",Annual,2024,3.28,Units
Maldives,"Gross domestic product (GDP), Constant prices, Percent change, Domestic currency",Annual,2025,4.79,Units
Mongolia,"Current account balance (credit less debit), Percent of GDP in US dollars",Annual,2020,-5.07,Units
Mongolia,"Current account balance (credit less debit), Percent of GDP in US dollars",Annual,2021,-13.79,Units
Mongolia,"Current account balance (credit less debit), Percent of GDP in US dollars",Annual,2022,-13.43,Units
Mongolia,"Current account balance (credit less debit), Percent of GDP in US dollars",Annual,2023,0.60,Units
Mongolia,"Current account balance (credit less debit), Percent of GDP in US dollars",Annual,2024,-10.45,Units
Mongolia,"Current account balance (credit less debit), Percent of GDP in US dollars",Annual,2025,-14.35,Units
"Papua New Guinea","Current account balance (credit less debit), Percent of GDP in US dollars",Annual,2020,14.36,Units
"Papua New Guinea","Current account balance (credit less debit), Percent of GDP in US dollars",Annual,2021,12.58,Units
"Papua New Guinea","Current account balance (credit less debit), Percent of GDP in US dollars",Annual,2022,14.43,Units
"Papua New Guinea","Current account balance (credit less debit), Percent of GDP in US dollars",Annual,2023,9.11,Units
"Papua New Guinea","Current account balance (credit less debit), Percent of GDP in US dollars",Annual,2024,15.19,Units
"Papua New Guinea","Current account balance (credit less debit), Percent of GDP in US dollars",Annual,2025,10.77,Units
Nepal,"All Items, Consumer price index (CPI), Period average, percent change",Annual,2020,6.15,Units
Nepal,"All Items, Consumer price index (CPI), Period average, percent change",Annual,2021,3.58,Units
Nepal,"All Items, Consumer price index (CPI), Period average, percent change",Annual,2022,6.37,Units
Nepal,"All Items, Consumer price index (CPI), Period average, percent change",Annual,2023,7.73,Units
Nepal,"All Items, Consumer price index (CPI), Period average, percent change",Annual,2024,5.42,Units
Nepal,"All Items, Consumer price index (CPI), Period average, percent change",Annual,2025,4.06,Units
"Macao Special Administrative Region, People's Republic of China","Current account balance (credit less debit), Percent of GDP in US dollars",Annual,2020,14.81,Units
"Macao Special Administrative Region, People's Republic of China","Current account balance (credit less debit), Percent of GDP in US dollars",Annual,2021,8.73,Units
"Macao Special Administrative Region, People's Republic of China","Current account balance (credit less debit), Percent of GDP in US dollars",Annual,2022,13.90,Units
"Macao Special Administrative Region, People's Republic of China","Current account balance (credit less debit), Percent of GDP in US dollars",Annual,2023,31.40,Units
"Macao Special Administrative Region, People's Republic of China","Current account balance (credit less debit), Percent of GDP in US dollars",Annual,2024,35.77,Units
"Macao Special Administrative Region, People's Republic of China","Current account balance (credit less debit), Percent of GDP in US dollars",Annual,2025,35.51,Units
Japan,"Current account balance (credit less debit), Percent of GDP in US dollars",Annual,2020,2.97,Units
Japan,"Current account balance (credit less debit), Percent of GDP in US dollars",Annual,2021,3.89,Units
Japan,"Current account balance (credit less debit), Percent of GDP in US dollars",Annual,2022,2.11,Units
Japan,"Current account balance (credit less debit), Percent of GDP in US dollars",Annual,2023,3.71,Units
Japan,"Current account balance (credit less debit), Percent of GDP in US dollars",Annual,2024,4.82,Units
Japan,"Current account balance (credit less debit), Percent of GDP in US dollars",Annual,2025,3.90,Units
Mongolia,"Gross domestic product (GDP), Constant prices, Percent change, Domestic currency",Annual,2020,-4.56,Units
Mongolia,"Gross domestic product (GDP), Constant prices, Percent change, Domestic currency",Annual,2021,1.64,Units
Mongolia,"Gross domestic product (GDP), Constant prices, Percent change, Domestic currency",Annual,2022,5.03,Units
Mongolia,"Gross domestic product (GDP), Constant prices, Percent change, Domestic currency",Annual,2023,7.42,Units
Mongolia,"Gross domestic product (GDP), Constant prices, Percent change, Domestic currency",Annual,2024,5.12,Units
Mongolia,"Gross domestic product (GDP), Constant prices, Percent change, Domestic currency",Annual,2025,5.50,Units
Australia,"Gross domestic product (GDP), Constant prices, Percent change, Domestic currency",Annual,2020,-1.95,Units
Australia,"Gross domestic product (GDP), Constant prices, Percent change, Domestic currency",Annual,2021,5.42,Units
Australia,"Gross domestic product (GDP), Constant prices, Percent change, Domestic currency",Annual,2022,4.13,Units
Australia,"Gross domestic product (GDP), Constant prices, Percent change, Domestic currency",Annual,2023,2.07,Units
Australia,"Gross domestic product (GDP), Constant prices, Percent change, Domestic currency",Annual,2024,1.02,Units
Australia,"Gross domestic product (GDP), Constant prices, Percent change, Domestic currency",Annual,2025,1.81,Units
"Taiwan Province of China","Gross domestic product (GDP), Constant prices, Percent change, Domestic currency",Annual,2020,3.42,Units
"Taiwan Province of China","Gross domestic product (GDP), Constant prices, Percent change, Domestic currency",Annual,2021,6.72,Units
"Taiwan Province of China","Gross domestic product (GDP), Constant prices, Percent change, Domestic currency",Annual,2022,2.68,Units
"Taiwan Province of China","Gross domestic product (GDP), Constant prices, Percent change, Domestic currency",Annual,2023,1.12,Units
"Taiwan Province of China","Gross domestic product (GDP), Constant prices, Percent change, Domestic currency",Annual,2024,4.84,Units
"Taiwan Province of China","Gross domestic product (GDP), Constant prices, Percent change, Domestic currency",Annual,2025,3.67,Units
Singapore,"Unemployment rate",Annual,2020,3.00,Units
Singapore,"Unemployment rate",Annual,2021,2.65,Units
Singapore,"Unemployment rate",Annual,2022,2.10,Units
Singapore,"Unemployment rate",Annual,2023,1.93,Units
Singapore,"Unemployment rate",Annual,2024,1.95,Units
Singapore,"Unemployment rate",Annual,2025,2.09,Units
"Palau, Republic of","All Items, Consumer price index (CPI), Period average, percent change",Annual,2020,0.70,Units
"Palau, Republic of","All Items, Consumer price index (CPI), Period average, percent change",Annual,2021,-0.48,Units
"Palau, Republic of","All Items, Consumer price index (CPI), Period average, percent change",Annual,2022,13.18,Units
"Palau, Republic of","All Items, Consumer price index (CPI), Period average, percent change",Annual,2023,12.42,Units
"Palau, Republic of","All Items, Consumer price index (CPI), Period average, percent change",Annual,2024,3.61,Units
"Palau, Republic of","All Items, Consumer price index (CPI), Period average, percent change",Annual,2025,1.83,Units
"New Zealand","Unemployment rate",Annual,2020,4.60,Units
"New Zealand","Unemployment rate",Annual,2021,3.78,Units
"New Zealand","Unemployment rate",Annual,2022,3.33,Units
"New Zealand","Unemployment rate",Annual,2023,3.78,Units
"New Zealand","Unemployment rate",Annual,2024,4.78,Units
"New Zealand","Unemployment rate",Annual,2025,5.17,Units
Bhutan,"Unemployment rate",Annual,2020,5.03,Units
Bhutan,"Unemployment rate",Annual,2021,4.80,Units
Bhutan,"Unemployment rate",Annual,2022,5.90,Units
Bhutan,"Unemployment rate",Annual,2023,3.50,Units
India,"Unemployment rate",Annual,2020,8.66,Units
India,"Unemployment rate",Annual,2021,7.36,Units
India,"Unemployment rate",Annual,2022,5.30,Units
India,"Unemployment rate",Annual,2023,4.94,Units
India,"Unemployment rate",Annual,2024,4.94,Units
India,"Unemployment rate",Annual,2025,4.94,Units
"Marshall Islands, Republic of the","Net lending (+) / net borrowing (-), General government, Percent of fiscal year GDP",Annual,2020,2.54,
"Marshall Islands, Republic of the","Net lending (+) / net borrowing (-), General government, Percent of fiscal year GDP",Annual,2021,0.18,
"Marshall Islands, Republic of the","Net lending (+) / net borrowing (-), General government, Percent of fiscal year GDP",Annual,2022,0.68,
"Marshall Islands, Republic of the","Net lending (+) / net borrowing (-), General government, Percent of fiscal year GDP",Annual,2023,1.14,
"Marshall Islands, Republic of the","Net lending (+) / net borrowing (-), General government, Percent of fiscal year GDP",Annual,2024,3.61,
"Marshall Islands, Republic of the","Net lending (+) / net borrowing (-), General government, Percent of fiscal year GDP",Annual,2025,1.67,
Thailand,"All Items, Consumer price index (CPI), Period average, percent change",Annual,2020,-0.85,Units
Thailand,"All Items, Consumer price index (CPI), Period average, percent change",Annual,2021,1.23,Units
Thailand,"All Items, Consumer price index (CPI), Period average, percent change",Annual,2022,6.08,Units
Thailand,"All Items, Consumer price index (CPI), Period average, percent change",Annual,2023,1.23,Units
Thailand,"All Items, Consumer price index (CPI), Period average, percent change",Annual,2024,0.40,Units
Thailand,"All Items, Consumer price index (CPI), Period average, percent change",Annual,2025,0.15,Units
"Korea, Republic of","Unemployment rate",Annual,2020,3.96,Units
"Korea, Republic of","Unemployment rate",Annual,2021,3.68,Units
"Korea, Republic of","Unemployment rate",Annual,2022,2.88,Units
"Korea, Republic of","Unemployment rate",Annual,2023,2.71,Units
"Korea, Republic of","Unemployment rate",Annual,2024,2.80,Units
"Korea, Republic of","Unemployment rate",Annual,2025,3.00,Units
"New Zealand","Gross domestic product (GDP), Constant prices, Percent change, Domestic currency",Annual,2020,-1.31,Units
"New Zealand","Gross domestic product (GDP), Constant prices, Percent change, Domestic currency",Annual,2021,5.69,Units
"New Zealand","Gross domestic product (GDP), Constant prices, Percent change, Domestic currency",Annual,2022,2.86,Units
"New Zealand","Gross domestic product (GDP), Constant prices, Percent change, Domestic currency",Annual,2023,1.83,Units
"New Zealand","Gross domestic product (GDP), Constant prices, Percent change, Domestic currency",Annual,2024,-0.56,Units
"New Zealand","Gross domestic product (GDP), Constant prices, Percent change, Domestic currency",Annual,2025,0.83,Units
Myanmar,"Current account balance (credit less debit), Percent of GDP in US dollars",Annual,2020,-0.38,
Myanmar,"Current account balance (credit less debit), Percent of GDP in US dollars",Annual,2021,-2.19,
Myanmar,"Current account balance (credit less debit), Percent of GDP in US dollars",Annual,2022,-2.90,
Myanmar,"Current account balance (credit less debit), Percent of GDP in US dollars",Annual,2023,-1.91,
Myanmar,"Current account balance (credit less debit), Percent of GDP in US dollars",Annual,2024,-1.08,
Myanmar,"Current account balance (credit less debit), Percent of GDP in US dollars",Annual,2025,-2.34,
Samoa,"Net lending (+) / net borrowing (-), General government, Percent of fiscal year GDP",Annual,2020,5.41,Units
Samoa,"Net lending (+) / net borrowing (-), General government, Percent of fiscal year GDP",Annual,2021,1.71,Units
Samoa,"Net lending (+) / net borrowing (-), General government, Percent of fiscal year GDP",Annual,2022,5.03,Units
Samoa,"Net lending (+) / net borrowing (-), General government, Percent of fiscal year GDP",Annual,2023,2.70,Units
Samoa,"Net lending (+) / net borrowing (-), General government, Percent of fiscal year GDP",Annual,2024,9.29,Units
Samoa,"Net lending (+) / net borrowing (-), General government, Percent of fiscal year GDP",Annual,2025,5.00,Units
"Solomon Islands","Net lending (+) / net borrowing (-), General government, Percent of fiscal year GDP",Annual,2020,-2.44,Units
"Solomon Islands","Net lending (+) / net borrowing (-), General government, Percent of fiscal year GDP",Annual,2021,-1.86,Units
"Solomon Islands","Net lending (+) / net borrowing (-), General government, Percent of fiscal year GDP",Annual,2022,-2.51,Units
"Solomon Islands","Net lending (+) / net borrowing (-), General government, Percent of fiscal year GDP",Annual,2023,-3.81,Units
"Solomon Islands","Net lending (+) / net borrowing (-), General government, Percent of fiscal year GDP",Annual,2024,-3.08,Units
"Solomon Islands","Net lending (+) / net borrowing (-), General government, Percent of fiscal year GDP",Annual,2025,-3.15,Units
"China, People's Republic of","Gross domestic product (GDP), Constant prices, Percent change, Domestic currency",Annual,2020,2.34,Units
"China, People's Republic of","Gross domestic product (GDP), Constant prices, Percent change, Domestic currency",Annual,2021,8.56,Units
"China, People's Republic of","Gross domestic product (GDP), Constant prices, Percent change, Domestic currency",Annual,2022,3.11,Units
"China, People's Republic of","Gross domestic product (GDP), Constant prices, Percent change, Domestic currency",Annual,2023,5.38,Units
"China, People's Republic of","Gross domestic product (GDP), Constant prices, Percent change, Domestic currency",Annual,2024,5.00,Units
"China, People's Republic of","Gross domestic product (GDP), Constant prices, Percent change, Domestic currency",Annual,2025,4.80,Units
Australia,"Unemployment rate",Annual,2020,6.48,Units
Australia,"Unemployment rate",Annual,2021,5.12,Units
Australia,"Unemployment rate",Annual,2022,3.71,Units
Australia,"Unemployment rate",Annual,2023,3.70,Units
Australia,"Unemployment rate",Annual,2024,4.02,Units
Australia,"Unemployment rate",Annual,2025,4.24,Units
India,"All Items, Consumer price index (CPI), Period average, percent change",Annual,2020,6.16,Units
India,"All Items, Consumer price index (CPI), Period average, percent change",Annual,2021,5.51,Units
India,"All Items, Consumer price index (CPI), Period average, percent change",Annual,2022,6.65,Units
India,"All Items, Consumer price index (CPI), Period average, percent change",Annual,2023,5.36,Units
India,"All Items, Consumer price index (CPI), Period average, percent change",Annual,2024,4.63,Units
India,"All Items, Consumer price index (CPI), Period average, percent change",Annual,2025,2.82,Units
Japan,"Unemployment rate",Annual,2020,2.80,Units
Japan,"Unemployment rate",Annual,2021,2.82,Units
Japan,"Unemployment rate",Annual,2022,2.59,Units
Japan,"Unemployment rate",Annual,2023,2.58,Units
Japan,"Unemployment rate",Annual,2024,2.57,Units
Japan,"Unemployment rate",Annual,2025,2.57,Units
Vietnam,"Net lending (+) / net borrowing (-), General government, Percent of fiscal year GDP",Annual,2020,-2.86,Units
Vietnam,"Net lending (+) / net borrowing (-), General government, Percent of fiscal year GDP",Annual,2021,-1.43,Units
Vietnam,"Net lending (+) / net borrowing (-), General government, Percent of fiscal year GDP",Annual,2022,0.67,Units
Vietnam,"Net lending (+) / net borrowing (-), General government, Percent of fiscal year GDP",Annual,2023,-1.72,Units
Vietnam,"Net lending (+) / net borrowing (-), General government, Percent of fiscal year GDP",Annual,2024,-1.54,Units
Vietnam,"Net lending (+) / net borrowing (-), General government, Percent of fiscal year GDP",Annual,2025,-3.26,Units
Nepal,"Gross domestic product (GDP), Constant prices, Percent change, Domestic currency",Annual,2020,-2.37,Units
Nepal,"Gross domestic product (GDP), Constant prices, Percent change, Domestic currency",Annual,2021,4.84,Units
Nepal,"Gross domestic product (GDP), Constant prices, Percent change, Domestic currency",Annual,2022,5.63,Units
Nepal,"Gross domestic product (GDP), Constant prices, Percent change, Domestic currency",Annual,2023,1.98,Units
Nepal,"Gross domestic product (GDP), Constant prices, Percent change, Domestic currency",Annual,2024,3.67,Units
Nepal,"Gross domestic product (GDP), Constant prices, Percent change, Domestic currency",Annual,2025,4.31,Units
"Marshall Islands, Republic of the","Gross domestic product (GDP), Constant prices, Percent change, Domestic currency",Annual,2020,-2.78,
"Marshall Islands, Republic of the","Gross domestic product (GDP), Constant prices, Percent change, Domestic currency",Annual,2021,1.20,
"Marshall Islands, Republic of the","Gross domestic product (GDP), Constant prices, Percent change, Domestic currency",Annual,2022,-1.10,
"Marshall Islands, Republic of the","Gross domestic product (GDP), Constant prices, Percent change, Domestic currency",Annual,2023,-3.99,
"Marshall Islands, Republic of the","Gross domestic product (GDP), Constant prices, Percent change, Domestic currency",Annual,2024,3.00,
"Marshall Islands, Republic of the","Gross domestic product (GDP), Constant prices, Percent change, Domestic currency",Annual,2025,2.53,
Singapore,"Current account balance (credit less debit), Percent of GDP in US dollars",Annual,2020,17.50,Units
Singapore,"Current account balance (credit less debit), Percent of GDP in US dollars",Annual,2021,19.80,Units
Singapore,"Current account balance (credit less debit), Percent of GDP in US dollars",Annual,2022,18.42,Units
Singapore,"Current account balance (credit less debit), Percent of GDP in US dollars",Annual,2023,17.69,Units
Singapore,"Current account balance (credit less debit), Percent of GDP in US dollars",Annual,2024,17.54,Units
Singapore,"Current account balance (credit less debit), Percent of GDP in US dollars",Annual,2025,17.40,Units
Vietnam,"Current account balance (credit less debit), Percent of GDP in US dollars",Annual,2020,4.35,Units
Vietnam,"Current account balance (credit less debit), Percent of GDP in US dollars",Annual,2021,-2.20,Units
Vietnam,"Current account balance (credit less debit), Percent of GDP in US dollars",Annual,2022,0.34,Units
Vietnam,"Current account balance (credit less debit), Percent of GDP in US dollars",Annual,2023,6.37,Units
Vietnam,"Current account balance (credit less debit), Percent of GDP in US dollars",Annual,2024,6.64,Units
Vietnam,"Current account balance (credit less debit), Percent of GDP in US dollars",Annual,2025,4.05,Units
"Hong Kong Special Administrative Region, People's Republic of China","Unemployment rate",Annual,2020,5.53,Units
"Hong Kong Special Administrative Region, People's Republic of China","Unemployment rate",Annual,2021,5.41,Units
"Hong Kong Special Administrative Region, People's Republic of China","Unemployment rate",Annual,2022,4.35,Units
"Hong Kong Special Administrative Region, People's Republic of China","Unemployment rate",Annual,2023,2.98,Units
"Hong Kong Special Administrative Region, People's Republic of China","Unemployment rate",Annual,2024,3.01,Units
"Hong Kong Special Administrative Region, People's Republic of China","Unemployment rate",Annual,2025,3.37,Units
"China, People's Republic of","All Items, Consumer price index (CPI), Period average, percent change",Annual,2020,2.51,Units
"China, People's Republic of","All Items, Consumer price index (CPI), Period average, percent change",Annual,2021,0.92,Units
"China, People's Republic of","All Items, Consumer price index (CPI), Period average, percent change",Annual,2022,1.98,Units
"China, People's Republic of","All Items, Consumer price index (CPI), Period average, percent change",Annual,2023,0.23,Units
"China, People's Republic of","All Items, Consumer price index (CPI), Period average, percent change",Annual,2024,0.21,Units
"China, People's Republic of","All Items, Consumer price index (CPI), Period average, percent change",Annual,2025,0.01,Units
